"projectMembershipId","projectId","permissionSetId","userId","accountId","active","isDeleted","sourceType","version","isDeafult","_id","updatedAt","joinedAt","primaryTableMaxVersion._id","primaryTableMaxVersion.version"
"1409679","336436","201926","275181","16946","1","0","DEFAULT","1746019454467553956","true","1409679","","1719878400000","1409679","1746019454467553956"
"1488656","336436","201927","297494","16946","1","0","DEFAULT","1746019454468278949","true","1488656","","1722470400000","1488656","1746019454468278949"
"1488655","336436","201927","297499","16946","1","0","DEFAULT","1746019454467925528","true","1488655","","1722470400000","1488655","1746019454467925528"
"2526733","652602","201926","235382","16946","1","0","DEFAULT","1746050699886093120","true","2526733","","1745884800000","2526733","1746050699886093120"
"2526734","652602","221206","297488","16946","1","0","DEFAULT","1746050699886348798","true","2526734","","1745884800000","2526734","1746050699886348798"
"2526735","652602","201927","297490","16946","1","0","DEFAULT","1746050699886603333","true","2526735","","1745884800000","2526735","1746050699886603333"
"1409684","336441","201926","275181","16946","1","0","DEFAULT","1747454673257330278","true","1409684","","1719878400000","1409684","1747454673257330278"
"2259892","336441","204282","293237","16946","1","0","DEFAULT","1747454673259421054","true","2259892","","1741046400000","2259892","1747454673259421054"
"1605703","336441","221206","297488","16946","1","0","DEFAULT","1747454673258634964","true","1605703","","1724976000000","1605703","1747454673258634964"
"1605702","336441","204282","297489","16946","1","0","DEFAULT","1747454673257598744","true","1605702","","1724976000000","1605702","1747454673257598744"
"1622710","336441","201927","297490","16946","1","0","DEFAULT","1747454673258114987","true","1622710","","1725494400000","1622710","1747454673258114987"
"1605701","336441","201927","297492","16946","1","0","DEFAULT","1747454673257859282","true","1605701","","1724976000000","1605701","1747454673257859282"
"2160978","336441","201927","297499","16946","1","0","DEFAULT","1747454673258893785","true","2160978","","1741737600000","2160978","1747454673258893785"
"1605700","336441","201927","297500","16946","1","0","DEFAULT","1747454673259153388","true","1605700","","1724976000000","1605700","1747454673259153388"
"2604009","336441","329682","297501","16946","1","0","DEFAULT","1747454673259673783","true","2604009","","1747353600000","2604009","1747454673259673783"
"1897012","336441","329682","305125","16946","1","0","DEFAULT","1747454673258370474","true","1897012","","1733097600000","1897012","1747454673258370474"
"1409686","336443","201926","275181","16946","1","0","DEFAULT","1746746717700056276","true","1409686","","1719878400000","1409686","1746746717700056276"
"2543055","336443","204282","293237","16946","1","0","DEFAULT","1746746717701434177","true","2543055","","1746144000000","2543055","1746746717701434177"
"1605694","336443","221206","297488","16946","1","0","DEFAULT","1746746717702461464","true","1605694","","1724976000000","1605694","1746746717702461464"
"1605696","336443","204282","297489","16946","1","0","DEFAULT","1746746717700401155","true","1605696","","1724976000000","1605696","1746746717700401155"
"1622711","336443","201927","297490","16946","1","0","DEFAULT","1746746717700745124","true","1622711","","1725494400000","1622711","1746746717700745124"
"1814294","336443","201927","297492","16946","1","0","DEFAULT","1746746717701775397","true","1814294","","1730851200000","1814294","1746746717701775397"
"2360402","336443","201927","297499","16946","1","0","DEFAULT","1746746717702822024","true","2360402","","1742860800000","2360402","1746746717702822024"
"1605695","336443","201927","297500","16946","1","0","DEFAULT","1746746717703173624","true","1605695","","1724976000000","1605695","1746746717703173624"
"1459371","336443","329682","297501","16946","1","0","DEFAULT","1746746717702117586","true","1459371","","1721347200000","1459371","1746746717702117586"
"1897015","336443","329682","305125","16946","1","0","DEFAULT","1746746717701089897","true","1897015","","1733097600000","1897015","1746746717701089897"
"1677078","336443","329682","305132","16946","1","0","DEFAULT","1746746717703891897","true","1677078","","1727222400000","1677078","1746746717703891897"
"2562490","336443","201929","464491","16946","0","0","DEFAULT","1746746717703536046","true","2562490","","1746662400000","2562490","1746746717703536046"
"2562491","336443","201929","464492","16946","0","0","DEFAULT","1746746717704246442","true","2562491","","1746662400000","2562491","1746746717704246442"
"1814347","432679","201926","275181","16946","1","0","DEFAULT","1746807452352007077","true","1814347","","1730851200000","1814347","1746807452352007077"
"2045741","432679","201927","297493","16946","1","0","DEFAULT","1746807452352522242","true","2045741","","1736985600000","2045741","1746807452352522242"
"1834759","432679","201927","297494","16946","1","0","DEFAULT","1746807452352262168","true","1834759","","1731369600000","1834759","1746807452352262168"
"2566303","432679","201929","465026","16946","0","0","DEFAULT","1746807452356694325","true","2566303","","1746662400000","2566303","1746807452356694325"
"900926","238535","204282","235369","16946","1","0","DEFAULT","1742554571512293934","true","900926","","1706054400000","900926","1742554571512293934"
"900930","238536","204282","235369","16946","1","0","DEFAULT","1742554576627055617","true","900930","","1706054400000","900930","1742554576627055617"
"1125885","287770","201926","235382","16946","1","0","DEFAULT","1742554576629219491","true","1125885","","1715558400000","1125885","1742554576629219491"
"1125889","287770","204282","275181","16946","1","0","DEFAULT","1742554581806449261","true","1125889","1716422400000","1717459200000","1125889","1742554581806449261"
"1261081","287770","204282","279501","16946","1","0","DEFAULT","1742554581803012615","true","1261081","","1717545600000","1261081","1742554581803012615"
"1387453","287770","204282","293237","16946","1","0","DEFAULT","1743176871350770407","true","1387453","","1719532800000","1387453","1743176871350770407"
"1333179","319576","201926","284088","16946","1","0","DEFAULT","1742554576627736780","true","1333179","","1718323200000","1333179","1742554576627736780"
"1387445","325224","204282","235382","16946","1","0","DEFAULT","1742554576628241421","true","1387445","","1719532800000","1387445","1742554576628241421"
"1367346","325224","201926","284088","16946","1","0","DEFAULT","1742554581799805917","true","1367346","","1718928000000","1367346","1742554581799805917"
"1369058","325431","201926","279501","16946","1","0","DEFAULT","1742554581803260152","true","1369058","","1719100800000","1369058","1742554581803260152"
"1452539","325431","204282","293237","16946","1","0","DEFAULT","1743176871351022225","true","1452539","","1721260800000","1452539","1743176871351022225"
"1452540","325431","221206","297488","16946","1","0","DEFAULT","1743176941192207876","true","1452540","","1721260800000","1452540","1743176941192207876"
"1452536","325431","204282","297489","16946","1","0","DEFAULT","1742554581805720472","true","1452536","","1721260800000","1452536","1742554581805720472"
"1452538","325431","201927","297492","16946","1","0","DEFAULT","1742554581805233818","true","1452538","","1721260800000","1452538","1742554581805233818"
"1452551","325431","201927","297493","16946","1","0","DEFAULT","1743178030538590512","true","1452551","","1721260800000","1452551","1743178030538590512"
"1452549","325431","201927","297498","16946","1","0","DEFAULT","1743176918918091731","true","1452549","","1721260800000","1452549","1743176918918091731"
"1452550","325431","201927","297499","16946","1","0","DEFAULT","1743176977629071914","true","1452550","","1721260800000","1452550","1743176977629071914"
"1452541","325431","201927","297500","16946","1","0","DEFAULT","1743177009173465312","true","1452541","","1721260800000","1452541","1743177009173465312"
"1465261","325431","201927","305292","16946","1","0","DEFAULT","1742554581804017976","true","1465261","","1721692800000","1465261","1742554581804017976"
"1444570","325706","201926","279501","16946","1","0","DEFAULT","1742554581800061467","true","1444570","","1721001600000","1444570","1742554581800061467"
"1370177","325706","201926","284088","16946","1","0","DEFAULT","1742554571512031752","true","1370177","","1719187200000","1370177","1742554571512031752"
"1591947","325706","204282","293237","16946","1","0","DEFAULT","1743176871351269783","true","1591947","","1724889600000","1591947","1743176871351269783"
"1592015","325706","221206","297488","16946","1","0","DEFAULT","1743176941192455183","true","1592015","","1724889600000","1592015","1743176941192455183"
"1591926","325706","204282","297489","16946","1","0","DEFAULT","1742554586943109261","true","1591926","","1724889600000","1591926","1742554586943109261"
"1591605","325706","201927","297492","16946","1","0","DEFAULT","1742554602385075490","true","1591605","","1724803200000","1591605","1742554602385075490"
"1591793","325706","201927","297500","16946","1","0","DEFAULT","1743177009173711665","true","1591793","","1724803200000","1591793","1743177009173711665"
"1591553","325706","201927","305129","16946","1","0","DEFAULT","1742554602384343317","true","1591553","","1724803200000","1591553","1742554602384343317"
"1591849","325706","201927","305138","16946","1","0","DEFAULT","1742554602389371216","true","1591849","","1724803200000","1591849","1742554602389371216"
"1591910","325706","201927","305139","16946","1","0","DEFAULT","1742554602389622120","true","1591910","","1724889600000","1591910","1742554602389622120"
"1741237","325706","341707","322707","16946","1","0","DEFAULT","1742554566375867825","true","1741237","","1728950400000","1741237","1742554566375867825"
"1382403","325932","201926","279501","16946","1","0","DEFAULT","1742554581803765002","true","1382403","","1719446400000","1382403","1742554581803765002"
"1374281","326432","201926","293237","16946","1","0","DEFAULT","1743176866161722031","true","1374281","","1719273600000","1374281","1743176866161722031"
"1376924","327243","201926","275181","16946","1","0","DEFAULT","1742554581798805307","true","1376924","","1719273600000","1376924","1742554581798805307"
"1387572","329412","204282","235382","16946","1","0","DEFAULT","1742554581804755965","true","1387572","","1719532800000","1387572","1742554581804755965"
"1387571","329412","204282","275181","16946","1","0","DEFAULT","1742554581799545100","true","1387571","","1719532800000","1387571","1742554581799545100"
"1386832","329412","201926","279501","16946","1","0","DEFAULT","1742554581803500784","true","1386832","","1719532800000","1386832","1742554581803500784"
"1409660","336425","201926","279501","16946","1","0","DEFAULT","1742554576629702471","true","1409660","","1719878400000","1409660","1742554576629702471"
"1409661","336426","201926","279501","16946","1","0","DEFAULT","1742554576630896485","true","1409661","","1719878400000","1409661","1742554576630896485"
"1590852","336426","201927","297499","16946","1","0","DEFAULT","1743176977629318021","true","1590852","","1724803200000","1590852","1743176977629318021"
"1409662","336427","201926","279501","16946","1","0","DEFAULT","1742554576631624874","true","1409662","","1719878400000","1409662","1742554576631624874"
"1733301","336428","201926","235382","16946","1","0","DEFAULT","1742554566371624708","true","1733301","","1728604800000","1733301","1742554566371624708"
"1586878","336428","204282","297489","16946","1","0","DEFAULT","1742554597231137500","true","1586878","","1724716800000","1586878","1742554597231137500"
"1591915","336428","201927","297497","16946","1","0","DEFAULT","1743177056273955652","true","1591915","","1724889600000","1591915","1743177056273955652"
"1586877","336428","201927","297499","16946","1","0","DEFAULT","1743176977628095164","true","1586877","","1724716800000","1586877","1743176977628095164"
"1409664","336429","201926","279501","16946","1","0","DEFAULT","1742554576632362156","true","1409664","","1719878400000","1409664","1742554576632362156"
"1591404","336429","201927","297490","16946","1","0","DEFAULT","1743177681968483693","true","1591404","","1724803200000","1591404","1743177681968483693"
"1590961","336429","201927","297491","16946","1","0","DEFAULT","1742554602382805317","true","1590961","","1724803200000","1590961","1742554602382805317"
"1591721","336429","201927","297493","16946","1","0","DEFAULT","1743178030533886674","true","1591721","","1724803200000","1591721","1743178030533886674"
"1590859","336429","201927","297499","16946","1","0","DEFAULT","1743176977629565127","true","1590859","","1724803200000","1590859","1743176977629565127"
"1590924","336429","201927","305124","16946","1","0","DEFAULT","1742554602382527725","true","1590924","","1724803200000","1590924","1742554602382527725"
"1591550","336429","201927","305128","16946","1","0","DEFAULT","1742554602384093308","true","1591550","","1724803200000","1591550","1742554602384093308"
"1409665","336430","201926","279501","16946","1","0","DEFAULT","1742554576633096424","true","1409665","","1719878400000","1409665","1742554576633096424"
"1409668","336432","201926","279501","16946","1","0","DEFAULT","1742554576630418495","true","1409668","","1719878400000","1409668","1742554576630418495"
"1727242","336433","201926","275181","16946","1","0","DEFAULT","1742554566370623816","true","1727242","","1728518400000","1727242","1742554566370623816"
"1592014","336433","221206","297488","16946","1","0","DEFAULT","1743176941192742550","true","1592014","","1724889600000","1592014","1743176941192742550"
"1591682","336433","201927","297498","16946","1","0","DEFAULT","1743176918918335334","true","1591682","","1724803200000","1591682","1743176918918335334"
"1409676","336434","201926","279501","16946","1","0","DEFAULT","1742554576634376070","true","1409676","","1719878400000","1409676","1742554576634376070"
"1733303","336435","201926","235382","16946","1","0","DEFAULT","1742554566371870949","true","1733303","","1728604800000","1733303","1742554566371870949"
"1591596","336435","201927","297492","16946","1","0","DEFAULT","1742554602384590261","true","1591596","","1724803200000","1591596","1742554602384590261"
"1409680","336437","201926","279501","16946","1","0","DEFAULT","1742554576629940012","true","1409680","","1719878400000","1409680","1742554576629940012"
"1409681","336438","201926","275181","16946","1","0","DEFAULT","1742554576631134252","true","1409681","","1719878400000","1409681","1742554576631134252"
"1592011","336438","221206","297488","16946","1","0","DEFAULT","1743176941192997877","true","1592011","","1724889600000","1592011","1743176941192997877"
"1591722","336438","201927","297493","16946","1","0","DEFAULT","1743178030538855799","true","1591722","","1724803200000","1591722","1743178030538855799"
"1591687","336438","201927","297494","16946","1","0","DEFAULT","1742554602387076576","true","1591687","","1724803200000","1591687","1742554602387076576"
"1409682","336439","201926","275181","16946","1","0","DEFAULT","1742554576635104527","true","1409682","","1719878400000","1409682","1742554576635104527"
"1592013","336439","221206","297488","16946","1","0","DEFAULT","1743176941193244127","true","1592013","","1724889600000","1592013","1743176941193244127"
"1591447","336439","201927","297490","16946","1","0","DEFAULT","1743177681968726792","true","1591447","","1724803200000","1591447","1743177681968726792"
"1592028","336439","201927","297496","16946","1","0","DEFAULT","1742554586949219699","true","1592028","","1724889600000","1592028","1742554586949219699"
"1591671","336439","201927","297498","16946","1","0","DEFAULT","1743176918921132824","true","1591671","","1724803200000","1591671","1743176918921132824"
"1591517","336439","329682","305125","16946","1","0","DEFAULT","1742554602383840117","true","1591517","","1724803200000","1591517","1742554602383840117"
"1591688","336439","329682","305132","16946","1","0","DEFAULT","1743784126595045177","true","1591688","","1724803200000","1591688","1743784126595045177"
"1591720","336439","201927","305134","16946","1","0","DEFAULT","1742554602387587528","true","1591720","","1724803200000","1591720","1742554602387587528"
"1409683","336440","201926","275181","16946","1","0","DEFAULT","1742554576635355184","true","1409683","","1719878400000","1409683","1742554576635355184"
"1591935","336440","204282","297489","16946","1","0","DEFAULT","1742554586943404253","true","1591935","","1724889600000","1591935","1742554586943404253"
"1591621","336440","201927","297492","16946","1","0","DEFAULT","1742554602385840167","true","1591621","","1724803200000","1591621","1742554602385840167"
"1591772","336440","201927","297496","16946","1","0","DEFAULT","1742554602388626817","true","1591772","","1724803200000","1591772","1742554602388626817"
"1409685","336442","201926","275181","16946","1","0","DEFAULT","1742554576635845238","true","1409685","","1719878400000","1409685","1742554576635845238"
"1591943","336442","204282","297489","16946","1","0","DEFAULT","1742554586943922655","true","1591943","","1724889600000","1591943","1742554586943922655"
"1591633","336442","201927","297492","16946","1","0","DEFAULT","1742554602386088295","true","1591633","","1724803200000","1591633","1742554602386088295"
"1409687","336444","201926","275181","16946","1","0","DEFAULT","1742554576636328375","true","1409687","","1719878400000","1409687","1742554576636328375"
"1590527","336444","201927","297496","16946","1","0","DEFAULT","1742554597233384960","true","1590527","","1724803200000","1590527","1742554597233384960"
"1591807","336444","201927","297500","16946","1","0","DEFAULT","1743177009172702999","true","1591807","","1724803200000","1591807","1743177009172702999"
"1590530","336444","329682","297501","16946","1","0","DEFAULT","1743784131702783445","true","1590530","","1724803200000","1590530","1743784131702783445"
"1409688","336445","201926","275181","16946","1","0","DEFAULT","1742554576636810649","true","1409688","","1719878400000","1409688","1742554576636810649"
"1409689","336446","201926","275181","16946","1","0","DEFAULT","1742554576632113827","true","1409689","","1719878400000","1409689","1742554576632113827"
"1592012","336446","221206","297488","16946","1","0","DEFAULT","1743176941196784149","true","1592012","","1724889600000","1592012","1743176941196784149"
"1409690","336447","201926","235382","16946","1","0","DEFAULT","1742554576632612792","true","1409690","","1719878400000","1409690","1742554576632612792"
"1409692","336448","201926","235382","16946","1","0","DEFAULT","1742554576633361056","true","1409692","","1719878400000","1409692","1742554576633361056"
"1641532","336448","341707","305136","16946","1","0","DEFAULT","1742554586944959424","true","1641532","","1726099200000","1641532","1742554586944959424"
"1605144","336448","201927","323754","16946","1","0","DEFAULT","1742554592058697435","true","1605144","","1724976000000","1605144","1742554592058697435"
"1605145","336448","201927","323755","16946","1","0","DEFAULT","1742554592059021502","true","1605145","","1724976000000","1605145","1742554592059021502"
"1605146","336448","201927","323756","16946","1","0","DEFAULT","1742554592058179829","true","1605146","","1724976000000","1605146","1742554592058179829"
"1605147","336448","201927","323758","16946","1","0","DEFAULT","1742554592059279229","true","1605147","","1724976000000","1605147","1742554592059279229"
"1605148","336448","201927","323759","16946","1","0","DEFAULT","1742554592059538009","true","1605148","","1724976000000","1605148","1742554592059538009"
"1605152","336448","201927","323760","16946","1","0","DEFAULT","1742554592059794246","true","1605152","","1724976000000","1605152","1742554592059794246"
"1605153","336448","201927","323761","16946","1","0","DEFAULT","1742554592058444585","true","1605153","","1724976000000","1605153","1742554592058444585"
"1605154","336448","201927","323762","16946","1","0","DEFAULT","1742554592060043913","true","1605154","","1724976000000","1605154","1742554592060043913"
"1605158","336448","201927","323763","16946","1","0","DEFAULT","1742554592061024405","true","1605158","","1724976000000","1605158","1742554592061024405"
"1605159","336448","201927","323764","16946","1","0","DEFAULT","1742554592060284314","true","1605159","","1724976000000","1605159","1742554592060284314"
"1605160","336448","201927","323765","16946","1","0","DEFAULT","1742554592061271927","true","1605160","","1724976000000","1605160","1742554592061271927"
"1605161","336448","201927","323766","16946","1","0","DEFAULT","1742554592060529817","true","1605161","","1724976000000","1605161","1742554592060529817"
"1605162","336448","201927","323767","16946","1","0","DEFAULT","1742554592061517522","true","1605162","","1724976000000","1605162","1742554592061517522"
"1605166","336448","201927","323768","16946","1","0","DEFAULT","1742554592060777673","true","1605166","","1724976000000","1605166","1742554592060777673"
"1978361","336448","341707","376207","16946","1","0","DEFAULT","1742554571503159386","true","1978361","","1734912000000","1978361","1742554571503159386"
"1978360","336448","341707","377398","16946","1","0","DEFAULT","1742554571502906702","true","1978360","","1734912000000","1978360","1742554571502906702"
"1978366","336448","341707","377708","16946","1","0","DEFAULT","1742554571503404936","true","1978366","","1734912000000","1978366","1742554571503404936"
"1978367","336448","341707","377709","16946","1","0","DEFAULT","1742554571503653623","true","1978367","","1734912000000","1978367","1742554571503653623"
"1978370","336448","341707","377710","16946","1","0","DEFAULT","1742554571503909876","true","1978370","","1734912000000","1978370","1742554571503909876"
"1978371","336448","341707","377711","16946","1","0","DEFAULT","1742554571504156637","true","1978371","","1734912000000","1978371","1742554571504156637"
"1978372","336448","341707","377712","16946","1","0","DEFAULT","1742554571504404784","true","1978372","","1734912000000","1978372","1742554571504404784"
"1978377","336448","341707","377713","16946","1","0","DEFAULT","1742554571504650592","true","1978377","","1734912000000","1978377","1742554571504650592"
"1978396","336448","341707","377714","16946","1","0","DEFAULT","1742554571504896815","true","1978396","","1734912000000","1978396","1742554571504896815"
"1978398","336448","341707","377715","16946","1","0","DEFAULT","1742554571505142944","true","1978398","","1734912000000","1978398","1742554571505142944"
"1978400","336448","341707","377716","16946","1","0","DEFAULT","1742554571505386264","true","1978400","","1734912000000","1978400","1742554571505386264"
"1978402","336448","341707","377717","16946","1","0","DEFAULT","1742554571505627263","true","1978402","","1734912000000","1978402","1742554571505627263"
"1978405","336448","341707","377718","16946","1","0","DEFAULT","1742554571505875839","true","1978405","","1734912000000","1978405","1742554571505875839"
"1978406","336448","341707","377719","16946","1","0","DEFAULT","1742554571506120703","true","1978406","","1734912000000","1978406","1742554571506120703"
"1978407","336448","341707","377720","16946","1","0","DEFAULT","1742554571506366772","true","1978407","","1734912000000","1978407","1742554571506366772"
"1409694","336449","201926","235382","16946","1","0","DEFAULT","1742554576637052969","true","1409694","","1719878400000","1409694","1742554576637052969"
"1591673","336449","201927","297494","16946","1","0","DEFAULT","1742554602386592030","true","1591673","","1724803200000","1591673","1742554602386592030"
"1591911","336449","201927","297497","16946","1","0","DEFAULT","1743177056274202217","true","1591911","","1724889600000","1591911","1743177056274202217"
"1591600","336449","201927","297498","16946","1","0","DEFAULT","1743176918917071981","true","1591600","","1724803200000","1591600","1743176918917071981"
"1409695","336450","201926","235382","16946","1","0","DEFAULT","1742554576630656650","true","1409695","","1719878400000","1409695","1742554576630656650"
"1591501","336450","201927","297490","16946","1","0","DEFAULT","1743177681967747816","true","1591501","","1724803200000","1591501","1743177681967747816"
"1613529","336450","201927","297494","16946","1","0","DEFAULT","1742554592063304269","true","1613529","","1725321600000","1613529","1742554592063304269"
"1592047","336450","201927","297496","16946","1","0","DEFAULT","1742554586949467770","true","1592047","","1724889600000","1592047","1742554586949467770"
"1591912","336450","201927","297497","16946","1","0","DEFAULT","1743177056274469332","true","1591912","","1724889600000","1591912","1743177056274469332"
"1591616","336450","201927","297498","16946","1","0","DEFAULT","1743176918921380547","true","1591616","","1724803200000","1591616","1743176918921380547"
"1409699","336452","201926","235382","16946","1","0","DEFAULT","1742554576630178312","true","1409699","","1719878400000","1409699","1742554576630178312"
"1409700","336453","201926","275181","16946","1","0","DEFAULT","1742554576632856268","true","1409700","","1719878400000","1409700","1742554576632856268"
"1409701","336454","201926","279501","16946","1","0","DEFAULT","1742554576633609983","true","1409701","","1719878400000","1409701","1742554576633609983"
"1588060","336454","221206","297488","16946","1","0","DEFAULT","1743176941197032563","true","1588060","","1724716800000","1588060","1743176941197032563"
"1588059","336454","201927","297490","16946","1","0","DEFAULT","1743177681968972033","true","1588059","","1724716800000","1588059","1743177681968972033"
"1588061","336454","201927","297496","16946","1","0","DEFAULT","1742554597233101057","true","1588061","","1724716800000","1588061","1742554597233101057"
"1409702","336455","201926","279501","16946","1","0","DEFAULT","1742554576629459098","true","1409702","","1719878400000","1409702","1742554576629459098"
"1455653","336455","201927","297491","16946","1","0","DEFAULT","1742554581804512340","true","1455653","","1721260800000","1455653","1742554581804512340"
"1409703","336456","201926","279501","16946","1","0","DEFAULT","1742554576637296821","true","1409703","","1719878400000","1409703","1742554576637296821"
"1444571","336457","201926","275181","16946","1","0","DEFAULT","1742592106020396408","true","1444571","","1721001600000","1444571","1742592106020396408"
"1591956","336457","204282","293237","16946","1","0","DEFAULT","1743176871351515295","true","1591956","","1724889600000","1591956","1743176871351515295"
"1592008","336457","221206","297488","16946","1","0","DEFAULT","1743176941197279745","true","1592008","","1724889600000","1592008","1743176941197279745"
"1591618","336457","201927","297492","16946","1","0","DEFAULT","1742592106020670044","true","1591618","","1724803200000","1591618","1742592106020670044"
"1409705","336458","201926","279501","16946","1","0","DEFAULT","1742554576631380413","true","1409705","","1719878400000","1409705","1742554576631380413"
"1733380","336459","201926","275181","16946","1","0","DEFAULT","1742554566375111813","true","1733380","","1728604800000","1733380","1742554566375111813"
"2017008","336459","204282","293237","16946","1","0","DEFAULT","1743176871350505720","true","2017008","","1736380800000","2017008","1743176871350505720"
"1409707","336460","201926","275181","16946","1","0","DEFAULT","1742554576638028404","true","1409707","","1719878400000","1409707","1742554576638028404"
"1485440","336463","204282","235382","16946","1","0","DEFAULT","1742554623222090872","true","1485440","","1722384000000","1485440","1742554623222090872"
"1485441","336463","204282","275181","16946","1","0","DEFAULT","1742554623224840824","true","1485441","","1722384000000","1485441","1742554623224840824"
"1409723","336463","201926","279501","16946","1","0","DEFAULT","1742554576638987230","true","1409723","","1719878400000","1409723","1742554576638987230"
"1485442","336463","204282","293237","16946","1","0","DEFAULT","1743176871351759682","true","1485442","","1722384000000","1485442","1743176871351759682"
"1485450","336463","221206","297488","16946","1","0","DEFAULT","1743176941197650841","true","1485450","","1722384000000","1485450","1743176941197650841"
"1485443","336463","204282","297489","16946","1","0","DEFAULT","1742554612799764131","true","1485443","","1722384000000","1485443","1742554612799764131"
"1485451","336463","201927","297490","16946","1","0","DEFAULT","1743177681969218256","true","1485451","","1722384000000","1485451","1743177681969218256"
"1485444","336463","201927","297491","16946","1","0","DEFAULT","1742554623219285216","true","1485444","","1722384000000","1485444","1742554623219285216"
"1485452","336463","201927","297492","16946","1","0","DEFAULT","1742554618113628891","true","1485452","","1722384000000","1485452","1742554618113628891"
"1485445","336463","201927","297493","16946","1","0","DEFAULT","1743178030529538835","true","1485445","","1722384000000","1485445","1743178030529538835"
"1485453","336463","201927","297494","16946","1","0","DEFAULT","1742554618113877356","true","1485453","","1722384000000","1485453","1742554618113877356"
"1485455","336463","201927","297496","16946","1","0","DEFAULT","1742554618114912412","true","1485455","","1722384000000","1485455","1742554618114912412"
"1485456","336463","201927","297497","16946","1","0","DEFAULT","1743177056274742818","true","1485456","","1722384000000","1485456","1743177056274742818"
"1485446","336463","201927","297498","16946","1","0","DEFAULT","1743176918921628740","true","1485446","","1722384000000","1485446","1743176918921628740"
"1485448","336463","201927","297499","16946","1","0","DEFAULT","1743176977632110752","true","1485448","","1722384000000","1485448","1743176977632110752"
"1485449","336463","201927","297500","16946","1","0","DEFAULT","1743177009174479517","true","1485449","","1722384000000","1485449","1743177009174479517"
"1485457","336464","204282","235382","16946","1","0","DEFAULT","1742554612797790280","true","1485457","","1722384000000","1485457","1742554612797790280"
"1470047","336464","204282","275181","16946","1","0","DEFAULT","1742554581806884114","true","1470047","","1721779200000","1470047","1742554581806884114"
"1409724","336464","201926","279501","16946","1","0","DEFAULT","1742554576631865188","true","1409724","","1719878400000","1409724","1742554576631865188"
"1485460","336464","204282","293237","16946","1","0","DEFAULT","1743176871352010782","true","1485460","","1722384000000","1485460","1743176871352010782"
"1485472","336464","221206","297488","16946","1","0","DEFAULT","1743176941197931940","true","1485472","","1722384000000","1485472","1743176941197931940"
"1485461","336464","204282","297489","16946","1","0","DEFAULT","1742554618114136867","true","1485461","","1722384000000","1485461","1742554618114136867"
"1485473","336464","201927","297490","16946","1","0","DEFAULT","1743177681969464463","true","1485473","","1722384000000","1485473","1743177681969464463"
"1485464","336464","201927","297491","16946","1","0","DEFAULT","1742554623219536922","true","1485464","","1722384000000","1485464","1742554623219536922"
"1485474","336464","201927","297492","16946","1","0","DEFAULT","1742554623218734283","true","1485474","","1722384000000","1485474","1742554623218734283"
"1485468","336464","201927","297493","16946","1","0","DEFAULT","1743178030530044985","true","1485468","","1722384000000","1485468","1743178030530044985"
"1485475","336464","201927","297494","16946","1","0","DEFAULT","1742554618118644926","true","1485475","","1722384000000","1485475","1742554618118644926"
"1485476","336464","201927","297496","16946","1","0","DEFAULT","1742554618115644852","true","1485476","","1722384000000","1485476","1742554618115644852"
"1485477","336464","201927","297497","16946","1","0","DEFAULT","1743177056274997803","true","1485477","","1722384000000","1485477","1743177056274997803"
"1485469","336464","201927","297498","16946","1","0","DEFAULT","1743176918921881040","true","1485469","","1722384000000","1485469","1743176918921881040"
"1485470","336464","201927","297499","16946","1","0","DEFAULT","1743176982873420062","true","1485470","","1722384000000","1485470","1743176982873420062"
"1485471","336464","201927","297500","16946","1","0","DEFAULT","1743177009174740236","true","1485471","","1722384000000","1485471","1743177009174740236"
"1485478","336465","204282","235382","16946","1","0","DEFAULT","1742554612798033216","true","1485478","","1722384000000","1485478","1742554612798033216"
"1485479","336465","204282","275181","16946","1","0","DEFAULT","1742554623224592732","true","1485479","","1722384000000","1485479","1742554623224592732"
"1409725","336465","201926","279501","16946","1","0","DEFAULT","1742554576634866586","true","1409725","","1719878400000","1409725","1742554576634866586"
"1444564","336465","201926","293237","16946","1","0","DEFAULT","1743176866161966584","true","1444564","","1721001600000","1444564","1743176866161966584"
"1485488","336465","221206","297488","16946","1","0","DEFAULT","1743176941198216625","true","1485488","","1722384000000","1485488","1743176941198216625"
"1485480","336465","204282","297489","16946","1","0","DEFAULT","1742554612800011360","true","1485480","","1722384000000","1485480","1742554612800011360"
"1485489","336465","201927","297490","16946","1","0","DEFAULT","1743177681969706863","true","1485489","","1722384000000","1485489","1743177681969706863"
"1485483","336465","201927","297491","16946","1","0","DEFAULT","1742554623219798635","true","1485483","","1722384000000","1485483","1742554623219798635"
"1485490","336465","201927","297492","16946","1","0","DEFAULT","1742554618119872769","true","1485490","","1722384000000","1485490","1742554618119872769"
"1485484","336465","201927","297493","16946","1","0","DEFAULT","1743178030530285952","true","1485484","","1722384000000","1485484","1743178030530285952"
"1485491","336465","201927","297494","16946","1","0","DEFAULT","1742554618120114530","true","1485491","","1722384000000","1485491","1742554618120114530"
"1485498","336465","201927","297496","16946","1","0","DEFAULT","1742554618117144333","true","1485498","","1722384000000","1485498","1742554618117144333"
"1485499","336465","201927","297497","16946","1","0","DEFAULT","1743177056275242651","true","1485499","","1722384000000","1485499","1743177056275242651"
"1485485","336465","201927","297498","16946","1","0","DEFAULT","1743176918916318323","true","1485485","","1722384000000","1485485","1743176918916318323"
"1485486","336465","201927","297499","16946","1","0","DEFAULT","1743176982873856303","true","1485486","","1722384000000","1485486","1743176982873856303"
"1485487","336465","201927","297500","16946","1","0","DEFAULT","1743177009174992644","true","1485487","","1722384000000","1485487","1743177009174992644"
"1485500","336466","204282","235382","16946","1","0","DEFAULT","1742554618120356590","true","1485500","","1722384000000","1485500","1742554618120356590"
"1485501","336466","204282","275181","16946","1","0","DEFAULT","1742554623225088659","true","1485501","","1722384000000","1485501","1742554623225088659"
"1409726","336466","201926","279501","16946","1","0","DEFAULT","1742554581795077847","true","1409726","","1719878400000","1409726","1742554581795077847"
"1444565","336466","201926","293237","16946","1","0","DEFAULT","1743176866162213524","true","1444565","","1721001600000","1444565","1743176866162213524"
"1485511","336466","221206","297488","16946","1","0","DEFAULT","1743176941198486445","true","1485511","","1722384000000","1485511","1743176941198486445"
"1485505","336466","204282","297489","16946","1","0","DEFAULT","1742554612799515940","true","1485505","","1722384000000","1485505","1742554612799515940"
"1485512","336466","201927","297490","16946","1","0","DEFAULT","1743177681972440139","true","1485512","","1722384000000","1485512","1743177681972440139"
"1485506","336466","201927","297491","16946","1","0","DEFAULT","1742554618121571104","true","1485506","","1722384000000","1485506","1742554618121571104"
"1485513","336466","201927","297492","16946","1","0","DEFAULT","1742554618122316812","true","1485513","","1722384000000","1485513","1742554618122316812"
"1485507","336466","201927","297493","16946","1","0","DEFAULT","1743178030530808060","true","1485507","","1722384000000","1485507","1743178030530808060"
"1485515","336466","201927","297494","16946","1","0","DEFAULT","1742554618119139623","true","1485515","","1722384000000","1485515","1742554618119139623"
"1485516","336466","201927","297496","16946","1","0","DEFAULT","1742554618123049789","true","1485516","","1722384000000","1485516","1742554618123049789"
"1485517","336466","201927","297497","16946","1","0","DEFAULT","1743177056276236317","true","1485517","","1722384000000","1485517","1743177056276236317"
"1485508","336466","201927","297498","16946","1","0","DEFAULT","1743176918922125419","true","1485508","","1722384000000","1485508","1743176918922125419"
"1485509","336466","201927","297499","16946","1","0","DEFAULT","1743176982874118546","true","1485509","","1722384000000","1485509","1743176982874118546"
"1485510","336466","201927","297500","16946","1","0","DEFAULT","1743177009175248402","true","1485510","","1722384000000","1485510","1743177009175248402"
"1485518","336468","204282","235382","16946","1","0","DEFAULT","1742554623222334776","true","1485518","","1722384000000","1485518","1742554623222334776"
"1470046","336468","204282","275181","16946","1","0","DEFAULT","1742554581805962731","true","1470046","","1721779200000","1470046","1742554581805962731"
"1409731","336468","201926","279501","16946","1","0","DEFAULT","1742554581795507853","true","1409731","","1719878400000","1409731","1742554581795507853"
"1485519","336468","204282","293237","16946","1","0","DEFAULT","1743176871352961420","true","1485519","","1722384000000","1485519","1743176871352961420"
"1485527","336468","221206","297488","16946","1","0","DEFAULT","1743176941198755216","true","1485527","","1722384000000","1485527","1743176941198755216"
"1485520","336468","204282","297489","16946","1","0","DEFAULT","1742554612800256234","true","1485520","","1722384000000","1485520","1742554612800256234"
"1485528","336468","201927","297490","16946","1","0","DEFAULT","1743177681972700648","true","1485528","","1722384000000","1485528","1743177681972700648"
"1485522","336468","201927","297491","16946","1","0","DEFAULT","1742554618117889514","true","1485522","","1722384000000","1485522","1742554618117889514"
"1485529","336468","201927","297492","16946","1","0","DEFAULT","1742554618123534317","true","1485529","","1722384000000","1485529","1742554618123534317"
"1485523","336468","201927","297493","16946","1","0","DEFAULT","1743178030531062773","true","1485523","","1722384000000","1485523","1743178030531062773"
"1485530","336468","201927","297494","16946","1","0","DEFAULT","1742554618123778150","true","1485530","","1722384000000","1485530","1742554618123778150"
"1485531","336468","201927","297496","16946","1","0","DEFAULT","1742554618118397820","true","1485531","","1722384000000","1485531","1742554618118397820"
"1485532","336468","201927","297497","16946","1","0","DEFAULT","1743177056276728586","true","1485532","","1722384000000","1485532","1743177056276728586"
"1485524","336468","201927","297498","16946","1","0","DEFAULT","1743176918922373376","true","1485524","","1722384000000","1485524","1743176918922373376"
"1485525","336468","201927","297499","16946","1","0","DEFAULT","1743176982874371275","true","1485525","","1722384000000","1485525","1743176982874371275"
"1485526","336468","201927","297500","16946","1","0","DEFAULT","1743177009175499502","true","1485526","","1722384000000","1485526","1743177009175499502"
"1483843","336469","204282","235382","16946","1","0","DEFAULT","1742554623222586876","true","1483843","","1722384000000","1483843","1742554623222586876"
"1485533","336469","204282","275181","16946","1","0","DEFAULT","1742554623225334612","true","1485533","","1722384000000","1485533","1742554623225334612"
"1409732","336469","201926","279501","16946","1","0","DEFAULT","1742554581795782204","true","1409732","","1719878400000","1409732","1742554581795782204"
"1485534","336469","204282","293237","16946","1","0","DEFAULT","1743176871353216928","true","1485534","","1722384000000","1485534","1743176871353216928"
"1485541","336469","221206","297488","16946","1","0","DEFAULT","1743176941201046231","true","1485541","","1722384000000","1485541","1743176941201046231"
"1485535","336469","204282","297489","16946","1","0","DEFAULT","1742554612800543454","true","1485535","","1722384000000","1485535","1742554612800543454"
"1485542","336469","201927","297490","16946","1","0","DEFAULT","1743177681972949312","true","1485542","","1722384000000","1485542","1743177681972949312"
"1485536","336469","201927","297491","16946","1","0","DEFAULT","1742554618124269946","true","1485536","","1722384000000","1485536","1742554618124269946"
"1485543","336469","201927","297492","16946","1","0","DEFAULT","1742554623219030886","true","1485543","","1722384000000","1485543","1742554623219030886"
"1485537","336469","201927","297493","16946","1","0","DEFAULT","1743178030531307425","true","1485537","","1722384000000","1485537","1743178030531307425"
"1485545","336469","201927","297494","16946","1","0","DEFAULT","1742554623216963056","true","1485545","","1722384000000","1485545","1742554623216963056"
"1485547","336469","201927","297496","16946","1","0","DEFAULT","1742554623217211967","true","1485547","","1722384000000","1485547","1742554623217211967"
"1485548","336469","201927","297497","16946","1","0","DEFAULT","1743177056276974516","true","1485548","","1722384000000","1485548","1743177056276974516"
"1485538","336469","201927","297498","16946","1","0","DEFAULT","1743176918916566144","true","1485538","","1722384000000","1485538","1743176918916566144"
"1485539","336469","201927","297499","16946","1","0","DEFAULT","1743176982874621357","true","1485539","","1722384000000","1485539","1743176982874621357"
"1485540","336469","201927","297500","16946","1","0","DEFAULT","1743177009175745952","true","1485540","","1722384000000","1485540","1743177009175745952"
"1483865","336470","204282","235382","16946","1","0","DEFAULT","1742554623222835752","true","1483865","","1722384000000","1483865","1742554623222835752"
"1485549","336470","204282","275181","16946","1","0","DEFAULT","1742554623225587285","true","1485549","","1722384000000","1485549","1742554623225587285"
"1409733","336470","201926","279501","16946","1","0","DEFAULT","1742554576636570705","true","1409733","","1719878400000","1409733","1742554576636570705"
"1485550","336470","204282","293237","16946","1","0","DEFAULT","1743176871353463296","true","1485550","","1722384000000","1485550","1743176871353463296"
"1485557","336470","221206","297488","16946","1","0","DEFAULT","1743176941201293551","true","1485557","","1722384000000","1485557","1743176941201293551"
"1485551","336470","204282","297489","16946","1","0","DEFAULT","1742554545490983732","true","1485551","","1722384000000","1485551","1742554545490983732"
"1485558","336470","201927","297490","16946","1","0","DEFAULT","1743177681973192858","true","1485558","","1722384000000","1485558","1743177681973192858"
"1485552","336470","201927","297491","16946","1","0","DEFAULT","1742554545492659176","true","1485552","","1722384000000","1485552","1742554545492659176"
"1485559","336470","201927","297492","16946","1","0","DEFAULT","1742554545494634270","true","1485559","","1722384000000","1485559","1742554545494634270"
"1485553","336470","201927","297493","16946","1","0","DEFAULT","1743178030531553064","true","1485553","","1722384000000","1485553","1743178030531553064"
"1485560","336470","201927","297494","16946","1","0","DEFAULT","1742554555951724134","true","1485560","","1722384000000","1485560","1742554555951724134"
"1485561","336470","201927","297496","16946","1","0","DEFAULT","1742554550762975380","true","1485561","","1722384000000","1485561","1742554550762975380"
"1485562","336470","201927","297497","16946","1","0","DEFAULT","1743177056277218945","true","1485562","","1722384000000","1485562","1743177056277218945"
"1485554","336470","201927","297498","16946","1","0","DEFAULT","1743176918922650636","true","1485554","","1722384000000","1485554","1743176918922650636"
"1485555","336470","201927","297499","16946","1","0","DEFAULT","1743176982874893911","true","1485555","","1722384000000","1485555","1743176982874893911"
"1485556","336470","201927","297500","16946","1","0","DEFAULT","1743177009175993523","true","1485556","","1722384000000","1485556","1743177009175993523"
"1484004","336471","204282","235382","16946","1","0","DEFAULT","1742554623223080413","true","1484004","","1722384000000","1484004","1742554623223080413"
"1485621","336471","204282","275181","16946","1","0","DEFAULT","1742554555955450085","true","1485621","","1722384000000","1485621","1742554555955450085"
"1409734","336471","201926","279501","16946","1","0","DEFAULT","1742554581796041738","true","1409734","","1719878400000","1409734","1742554581796041738"
"1444566","336471","201926","293237","16946","1","0","DEFAULT","1743176866162463671","true","1444566","","1721001600000","1444566","1743176866162463671"
"1485628","336471","221206","297488","16946","1","0","DEFAULT","1743176941201545542","true","1485628","","1722384000000","1485628","1743176941201545542"
"1485622","336471","204282","297489","16946","1","0","DEFAULT","1742554550770208716","true","1485622","","1722384000000","1485622","1742554550770208716"
"1485629","336471","201927","297490","16946","1","0","DEFAULT","1743177681973439423","true","1485629","","1722384000000","1485629","1743177681973439423"
"1485623","336471","201927","297491","16946","1","0","DEFAULT","1742554550770455558","true","1485623","","1722384000000","1485623","1742554550770455558"
"1485632","336471","201927","297492","16946","1","0","DEFAULT","1742554550772191054","true","1485632","","1722384000000","1485632","1742554550772191054"
"1485624","336471","201927","297493","16946","1","0","DEFAULT","1743178030532606860","true","1485624","","1722384000000","1485624","1743178030532606860"
"1485633","336471","201927","297494","16946","1","0","DEFAULT","1742554545498145967","true","1485633","","1722384000000","1485633","1742554545498145967"
"1485634","336471","201927","297496","16946","1","0","DEFAULT","1742554550772432438","true","1485634","","1722384000000","1485634","1742554550772432438"
"1485635","336471","201927","297497","16946","1","0","DEFAULT","1743177056277466460","true","1485635","","1722384000000","1485635","1743177056277466460"
"1485625","336471","201927","297498","16946","1","0","DEFAULT","1743176918922913374","true","1485625","","1722384000000","1485625","1743176918922913374"
"1485626","336471","201927","297499","16946","1","0","DEFAULT","1743176982875139620","true","1485626","","1722384000000","1485626","1743176982875139620"
"1485627","336471","201927","297500","16946","1","0","DEFAULT","1743177009176238611","true","1485627","","1722384000000","1485627","1743177009176238611"
"1484027","336472","204282","235382","16946","1","0","DEFAULT","1742554612798281519","true","1484027","","1722384000000","1484027","1742554612798281519"
"1470042","336472","204282","275181","16946","1","0","DEFAULT","1742554581807135912","true","1470042","","1721779200000","1470042","1742554581807135912"
"1409735","336472","201926","279501","16946","1","0","DEFAULT","1742554576638508346","true","1409735","","1719878400000","1409735","1742554576638508346"
"1485636","336472","204282","293237","16946","1","0","DEFAULT","1743176871353703788","true","1485636","","1722384000000","1485636","1743176871353703788"
"1485643","336472","221206","297488","16946","1","0","DEFAULT","1743176941201794463","true","1485643","","1722384000000","1485643","1743176941201794463"
"1485637","336472","204282","297489","16946","1","0","DEFAULT","1742554545497357840","true","1485637","","1722384000000","1485637","1742554545497357840"
"1485645","336472","201927","297490","16946","1","0","DEFAULT","1743177681973685480","true","1485645","","1722384000000","1485645","1743177681973685480"
"1485638","336472","201927","297491","16946","1","0","DEFAULT","1742554550772914583","true","1485638","","1722384000000","1485638","1742554550772914583"
"1485646","336472","201927","297492","16946","1","0","DEFAULT","1742554555951287785","true","1485646","","1722384000000","1485646","1742554555951287785"
"1485639","336472","201927","297493","16946","1","0","DEFAULT","1743178030532888827","true","1485639","","1722384000000","1485639","1743178030532888827"
"1485647","336472","201927","297494","16946","1","0","DEFAULT","1742554550774161209","true","1485647","","1722384000000","1485647","1742554550774161209"
"1485648","336472","201927","297496","16946","1","0","DEFAULT","1742554550774406441","true","1485648","","1722384000000","1485648","1742554550774406441"
"1485649","336472","201927","297497","16946","1","0","DEFAULT","1743177056277706525","true","1485649","","1722384000000","1485649","1743177056277706525"
"1485640","336472","201927","297498","16946","1","0","DEFAULT","1743176918923165817","true","1485640","","1722384000000","1485640","1743176918923165817"
"1485641","336472","201927","297499","16946","1","0","DEFAULT","1743176982875387912","true","1485641","","1722384000000","1485641","1743176982875387912"
"1485642","336472","201927","297500","16946","1","0","DEFAULT","1743177009176486553","true","1485642","","1722384000000","1485642","1743177009176486553"
"1484050","336473","204282","235382","16946","1","0","DEFAULT","1742554623223329826","true","1484050","","1722384000000","1484050","1742554623223329826"
"1485650","336473","204282","275181","16946","1","0","DEFAULT","1742554555955697482","true","1485650","","1722384000000","1485650","1742554555955697482"
"1409736","336473","201926","279501","16946","1","0","DEFAULT","1742554581796290221","true","1409736","","1719878400000","1409736","1742554581796290221"
"1444567","336473","201926","293237","16946","1","0","DEFAULT","1743176866162711905","true","1444567","","1721001600000","1444567","1743176866162711905"
"1485666","336473","221206","297488","16946","1","0","DEFAULT","1743176941202041397","true","1485666","","1722384000000","1485666","1743176941202041397"
"1485657","336473","204282","297489","16946","1","0","DEFAULT","1742554545491242144","true","1485657","","1722384000000","1485657","1742554545491242144"
"1485667","336473","201927","297490","16946","1","0","DEFAULT","1743177681967494307","true","1485667","","1722384000000","1485667","1743177681967494307"
"1485658","336473","201927","297491","16946","1","0","DEFAULT","1742554555951984132","true","1485658","","1722384000000","1485658","1742554555951984132"
"1485668","336473","201927","297492","16946","1","0","DEFAULT","1742554597219732798","true","1485668","","1722384000000","1485668","1742554597219732798"
"1485659","336473","201927","297493","16946","1","0","DEFAULT","1743178030529790608","true","1485659","","1722384000000","1485659","1743178030529790608"
"1485669","336473","201927","297494","16946","1","0","DEFAULT","1742554597228673093","true","1485669","","1722384000000","1485669","1742554597228673093"
"1485670","336473","201927","297496","16946","1","0","DEFAULT","1742554597222671956","true","1485670","","1722384000000","1485670","1742554597222671956"
"1485671","336473","201927","297497","16946","1","0","DEFAULT","1743177056277947142","true","1485671","","1722384000000","1485671","1743177056277947142"
"1485661","336473","201927","297498","16946","1","0","DEFAULT","1743176918923413168","true","1485661","","1722384000000","1485661","1743176918923413168"
"1485664","336473","201927","297499","16946","1","0","DEFAULT","1743176982875626601","true","1485664","","1722384000000","1485664","1743176982875626601"
"1485665","336473","201927","297500","16946","1","0","DEFAULT","1743177009176734180","true","1485665","","1722384000000","1485665","1743177009176734180"
"1484086","336474","204282","235382","16946","1","0","DEFAULT","1742554623223576847","true","1484086","","1722384000000","1484086","1742554623223576847"
"1485673","336474","204282","275181","16946","1","0","DEFAULT","1742554602391095878","true","1485673","","1722384000000","1485673","1742554602391095878"
"1409737","336474","201926","279501","16946","1","0","DEFAULT","1742554581796533877","true","1409737","","1719878400000","1409737","1742554581796533877"
"1485674","336474","204282","293237","16946","1","0","DEFAULT","1743176871353952459","true","1485674","","1722384000000","1485674","1743176871353952459"
"1485685","336474","221206","297488","16946","1","0","DEFAULT","1743176941202285463","true","1485685","","1722384000000","1485685","1743176941202285463"
"1485675","336474","204282","297489","16946","1","0","DEFAULT","1742554597217157355","true","1485675","","1722384000000","1485675","1742554597217157355"
"1485686","336474","201927","297490","16946","1","0","DEFAULT","1743177681973930217","true","1485686","","1722384000000","1485686","1743177681973930217"
"1485676","336474","201927","297491","16946","1","0","DEFAULT","1742554597228917857","true","1485676","","1722384000000","1485676","1742554597228917857"
"1485688","336474","201927","297492","16946","1","0","DEFAULT","1742554597224212006","true","1485688","","1722384000000","1485688","1742554597224212006"
"1485678","336474","201927","297493","16946","1","0","DEFAULT","1743178030533148928","true","1485678","","1722384000000","1485678","1743178030533148928"
"1485689","336474","201927","297494","16946","1","0","DEFAULT","1742554597224465478","true","1485689","","1722384000000","1485689","1742554597224465478"
"1485690","336474","201927","297496","16946","1","0","DEFAULT","1742554597218869757","true","1485690","","1722384000000","1485690","1742554597218869757"
"1485691","336474","201927","297497","16946","1","0","DEFAULT","1743177049998643729","true","1485691","","1722384000000","1485691","1743177049998643729"
"1485682","336474","201927","297498","16946","1","0","DEFAULT","1743176924089974337","true","1485682","","1722384000000","1485682","1743176924089974337"
"1485683","336474","201927","297499","16946","1","0","DEFAULT","1743176982875871869","true","1485683","","1722384000000","1485683","1743176982875871869"
"1485684","336474","201927","297500","16946","1","0","DEFAULT","1743177009176982873","true","1485684","","1722384000000","1485684","1743177009176982873"
"1483886","336475","204282","235382","16946","1","0","DEFAULT","1742554623223834255","true","1483886","","1722384000000","1483886","1742554623223834255"
"1485563","336475","204282","275181","16946","1","0","DEFAULT","1742554555955939838","true","1485563","","1722384000000","1485563","1742554555955939838"
"1409738","336475","201926","279501","16946","1","0","DEFAULT","1742554576638749854","true","1409738","","1719878400000","1409738","1742554576638749854"
"1444568","336475","201926","293237","16946","1","0","DEFAULT","1743176866162957937","true","1444568","","1721001600000","1444568","1743176866162957937"
"1485571","336475","221206","297488","16946","1","0","DEFAULT","1743176941202556349","true","1485571","","1722384000000","1485571","1743176941202556349"
"1485564","336475","204282","297489","16946","1","0","DEFAULT","1742554550763517023","true","1485564","","1722384000000","1485564","1742554550763517023"
"1485572","336475","201927","297490","16946","1","0","DEFAULT","1743177681974175642","true","1485572","","1722384000000","1485572","1743177681974175642"
"1485566","336475","201927","297491","16946","1","0","DEFAULT","1742554550763768209","true","1485566","","1722384000000","1485566","1742554550763768209"
"1485573","336475","201927","297492","16946","1","0","DEFAULT","1742554550765009227","true","1485573","","1722384000000","1485573","1742554550765009227"
"1485567","336475","201927","297493","16946","1","0","DEFAULT","1743178030532329719","true","1485567","","1722384000000","1485567","1743178030532329719"
"1485574","336475","201927","297494","16946","1","0","DEFAULT","1742554550765251988","true","1485574","","1722384000000","1485574","1742554550765251988"
"1485575","336475","201927","297496","16946","1","0","DEFAULT","1742554550765492880","true","1485575","","1722384000000","1485575","1742554550765492880"
"1485576","336475","201927","297497","16946","1","0","DEFAULT","1743177056278191860","true","1485576","","1722384000000","1485576","1743177056278191860"
"1485568","336475","201927","297498","16946","1","0","DEFAULT","1743176924090231498","true","1485568","","1722384000000","1485568","1743176924090231498"
"1485569","336475","201927","297499","16946","1","0","DEFAULT","1743176982876116281","true","1485569","","1722384000000","1485569","1743176982876116281"
"1485570","336475","201927","297500","16946","1","0","DEFAULT","1743177009177235370","true","1485570","","1722384000000","1485570","1743177009177235370"
"1483911","336476","204282","235382","16946","1","0","DEFAULT","1742554623224091435","true","1483911","","1722384000000","1483911","1742554623224091435"
"1485577","336476","204282","275181","16946","1","0","DEFAULT","1742554555956179854","true","1485577","","1722384000000","1485577","1742554555956179854"
"1409739","336476","201926","279501","16946","1","0","DEFAULT","1742554581796784097","true","1409739","","1719878400000","1409739","1742554581796784097"
"1485578","336476","204282","293237","16946","1","0","DEFAULT","1743176871354198369","true","1485578","","1722384000000","1485578","1743176871354198369"
"1485586","336476","221206","297488","16946","1","0","DEFAULT","1743176941202825088","true","1485586","","1722384000000","1485586","1743176941202825088"
"1485579","336476","204282","297489","16946","1","0","DEFAULT","1742554550766235131","true","1485579","","1722384000000","1485579","1742554550766235131"
"1485587","336476","201927","297490","16946","1","0","DEFAULT","1743177681974422515","true","1485587","","1722384000000","1485587","1743177681974422515"
"1485580","336476","201927","297491","16946","1","0","DEFAULT","1742554545495128538","true","1485580","","1722384000000","1485580","1742554545495128538"
"1485589","336476","201927","297492","16946","1","0","DEFAULT","1742554550766739759","true","1485589","","1722384000000","1485589","1742554550766739759"
"1485581","336476","201927","297493","16946","1","0","DEFAULT","1743178030530539061","true","1485581","","1722384000000","1485581","1743178030530539061"
"1485590","336476","201927","297494","16946","1","0","DEFAULT","1742554545497116757","true","1485590","","1722384000000","1485590","1742554545497116757"
"1485591","336476","201927","297496","16946","1","0","DEFAULT","1742554550766986477","true","1485591","","1722384000000","1485591","1742554550766986477"
"1485592","336476","201927","297497","16946","1","0","DEFAULT","1743177056278436581","true","1485592","","1722384000000","1485592","1743177056278436581"
"1485583","336476","201927","297498","16946","1","0","DEFAULT","1743176924090479995","true","1485583","","1722384000000","1485583","1743176924090479995"
"1485584","336476","201927","297499","16946","1","0","DEFAULT","1743176982876355579","true","1485584","","1722384000000","1485584","1743176982876355579"
"1485585","336476","201927","297500","16946","1","0","DEFAULT","1743177009177485806","true","1485585","","1722384000000","1485585","1743177009177485806"
"1483934","336477","204282","235382","16946","1","0","DEFAULT","1742554612798526570","true","1483934","","1722384000000","1483934","1742554612798526570"
"1485593","336477","204282","275181","16946","1","0","DEFAULT","1742554555956419794","true","1485593","","1722384000000","1485593","1742554555956419794"
"1409740","336477","201926","279501","16946","1","0","DEFAULT","1742554581797034395","true","1409740","","1719878400000","1409740","1742554581797034395"
"1485594","336477","204282","293237","16946","1","0","DEFAULT","1743176871354442512","true","1485594","","1722384000000","1485594","1743176871354442512"
"1485601","336477","221206","297488","16946","1","0","DEFAULT","1743176941189508794","true","1485601","","1722384000000","1485601","1743176941189508794"
"1485595","336477","204282","297489","16946","1","0","DEFAULT","1742554545491497060","true","1485595","","1722384000000","1485595","1742554545491497060"
"1485602","336477","201927","297490","16946","1","0","DEFAULT","1743177681974664222","true","1485602","","1722384000000","1485602","1743177681974664222"
"1485596","336477","201927","297491","16946","1","0","DEFAULT","1742554550767498389","true","1485596","","1722384000000","1485596","1742554550767498389"
"1485603","336477","201927","297492","16946","1","0","DEFAULT","1742554550767991829","true","1485603","","1722384000000","1485603","1742554550767991829"
"1485597","336477","201927","297493","16946","1","0","DEFAULT","1743178030529287627","true","1485597","","1722384000000","1485597","1743178030529287627"
"1485604","336477","201927","297494","16946","1","0","DEFAULT","1742554550768236048","true","1485604","","1722384000000","1485604","1742554550768236048"
"1485605","336477","201927","297496","16946","1","0","DEFAULT","1742554545494146084","true","1485605","","1722384000000","1485605","1742554545494146084"
"1485606","336477","201927","297497","16946","1","0","DEFAULT","1743177056278689211","true","1485606","","1722384000000","1485606","1743177056278689211"
"1485598","336477","201927","297498","16946","1","0","DEFAULT","1743176924090744419","true","1485598","","1722384000000","1485598","1743176924090744419"
"1485599","336477","201927","297499","16946","1","0","DEFAULT","1743176982876599153","true","1485599","","1722384000000","1485599","1743176982876599153"
"1485600","336477","201927","297500","16946","1","0","DEFAULT","1743177009177734031","true","1485600","","1722384000000","1485600","1743177009177734031"
"1483956","336478","204282","235382","16946","1","0","DEFAULT","1742554623224341387","true","1483956","","1722384000000","1483956","1742554623224341387"
"1470034","336478","204282","275181","16946","1","0","DEFAULT","1742554581804267222","true","1470034","","1721779200000","1470034","1742554581804267222"
"1409741","336478","201926","279501","16946","1","0","DEFAULT","1742554581797282362","true","1409741","","1719878400000","1409741","1742554581797282362"
"1485607","336478","204282","293237","16946","1","0","DEFAULT","1743176871354686778","true","1485607","","1722384000000","1485607","1743176871354686778"
"1485614","336478","221206","297488","16946","1","0","DEFAULT","1743176941203075315","true","1485614","","1722384000000","1485614","1743176941203075315"
"1485608","336478","204282","297489","16946","1","0","DEFAULT","1742554545491762726","true","1485608","","1722384000000","1485608","1742554545491762726"
"1485615","336478","201927","297490","16946","1","0","DEFAULT","1743177681975417463","true","1485615","","1722384000000","1485615","1743177681975417463"
"1485609","336478","201927","297491","16946","1","0","DEFAULT","1742554555952237117","true","1485609","","1722384000000","1485609","1742554555952237117"
"1485616","336478","201927","297492","16946","1","0","DEFAULT","1742554555954945675","true","1485616","","1722384000000","1485616","1742554555954945675"
"1485610","336478","201927","297493","16946","1","0","DEFAULT","1743178030533641495","true","1485610","","1722384000000","1485610","1743178030533641495"
"1485617","336478","201927","297494","16946","1","0","DEFAULT","1742554545496379735","true","1485617","","1722384000000","1485617","1742554545496379735"
"1485619","336478","201927","297496","16946","1","0","DEFAULT","1742554550769717040","true","1485619","","1722384000000","1485619","1742554550769717040"
"1485620","336478","201927","297497","16946","1","0","DEFAULT","1743177056280392940","true","1485620","","1722384000000","1485620","1743177056280392940"
"1485611","336478","201927","297498","16946","1","0","DEFAULT","1743176924091021798","true","1485611","","1722384000000","1485611","1743176924091021798"
"1485612","336478","201927","297499","16946","1","0","DEFAULT","1743176982876844044","true","1485612","","1722384000000","1485612","1743176982876844044"
"1485613","336478","201927","297500","16946","1","0","DEFAULT","1743177009177980951","true","1485613","","1722384000000","1485613","1743177009177980951"
"1470060","336478","201927","305292","16946","1","0","DEFAULT","1742554612799256748","true","1470060","","1721865600000","1470060","1742554612799256748"
"1485707","336479","204282","235382","16946","1","0","DEFAULT","1742554602390364242","true","1485707","","1722384000000","1485707","1742554602390364242"
"1485708","336479","204282","275181","16946","1","0","DEFAULT","1742554597226690712","true","1485708","","1722384000000","1485708","1742554597226690712"
"1409742","336479","201926","279501","16946","1","0","DEFAULT","1742554576639234256","true","1409742","","1719878400000","1409742","1742554576639234256"
"1444569","336479","201926","293237","16946","1","0","DEFAULT","1743176866163199053","true","1444569","","1721001600000","1444569","1743176866163199053"
"1485715","336479","221206","297488","16946","1","0","DEFAULT","1743176941203329835","true","1485715","","1722384000000","1485715","1743176941203329835"
"1485709","336479","204282","297489","16946","1","0","DEFAULT","1742554597217629061","true","1485709","","1722384000000","1485709","1742554597217629061"
"1485716","336479","201927","297490","16946","1","0","DEFAULT","1743177681975663558","true","1485716","","1722384000000","1485716","1743177681975663558"
"1485710","336479","201927","297491","16946","1","0","DEFAULT","1742554597223166871","true","1485710","","1722384000000","1485710","1742554597223166871"
"1485717","336479","201927","297492","16946","1","0","DEFAULT","1742554597230638172","true","1485717","","1722384000000","1485717","1742554597230638172"
"1485711","336479","201927","297493","16946","1","0","DEFAULT","1743178030539108357","true","1485711","","1722384000000","1485711","1743178030539108357"
"1485721","336479","201927","297494","16946","1","0","DEFAULT","1742554597227446164","true","1485721","","1722384000000","1485721","1742554597227446164"
"1485722","336479","201927","297496","16946","1","0","DEFAULT","1742554597227698702","true","1485722","","1722384000000","1485722","1742554597227698702"
"1485723","336479","201927","297497","16946","1","0","DEFAULT","1743177056280637378","true","1485723","","1722384000000","1485723","1743177056280637378"
"1485712","336479","201927","297498","16946","1","0","DEFAULT","1743176924091280180","true","1485712","","1722384000000","1485712","1743176924091280180"
"1485713","336479","201927","297499","16946","1","0","DEFAULT","1743176977627851853","true","1485713","","1722384000000","1485713","1743176977627851853"
"1485714","336479","201927","297500","16946","1","0","DEFAULT","1743177009178226608","true","1485714","","1722384000000","1485714","1743177009178226608"
"1417791","339879","201926","235382","16946","1","0","DEFAULT","1742554581797530040","true","1417791","","1719964800000","1417791","1742554581797530040"
"1417794","339879","201927","297490","16946","1","0","DEFAULT","1743177681975906553","true","1417794","","1719964800000","1417794","1743177681975906553"
"1700757","339879","201927","297494","16946","1","0","DEFAULT","1742554566372366013","true","1700757","","1727827200000","1700757","1742554566372366013"
"1417795","339879","201927","297497","16946","1","0","DEFAULT","1743177056280883233","true","1417795","","1719964800000","1417795","1743177056280883233"
"1417792","339879","201927","297498","16946","1","0","DEFAULT","1743176918916067786","true","1417792","","1719964800000","1417792","1743176918916067786"
"1423437","342477","201926","279501","16946","1","0","DEFAULT","1742554581798555347","true","1423437","","1720051200000","1423437","1742554581798555347"
"1461736","342477","204282","306301","16946","1","0","DEFAULT","1742554581800311734","true","1461736","","1721606400000","1461736","1742554581800311734"
"1427178","342913","201926","235382","16946","1","0","DEFAULT","1742554576628973921","true","1427178","","1720137600000","1427178","1742554576628973921"
"1439539","342913","329682","297502","16946","1","0","DEFAULT","1742554581799293954","true","1439539","","1720656000000","1439539","1742554581799293954"
"1452415","342913","329682","305155","16946","1","0","DEFAULT","1742554576628730529","true","1452415","","1721174400000","1452415","1742554576628730529"
"1452417","342913","201927","305292","16946","1","0","DEFAULT","1742554576628485786","true","1452417","","1721174400000","1452417","1742554576628485786"
"1484119","346956","204282","235382","16946","1","0","DEFAULT","1742554612798769706","true","1484119","","1722384000000","1484119","1742554612798769706"
"1485692","346956","204282","275181","16946","1","0","DEFAULT","1742554602391338003","true","1485692","","1722384000000","1485692","1742554602391338003"
"1444693","346956","201926","279501","16946","1","0","DEFAULT","1742554581802265132","true","1444693","","1721001600000","1444693","1742554581802265132"
"1485693","346956","204282","293237","16946","1","0","DEFAULT","1743176871354947903","true","1485693","","1722384000000","1485693","1743176871354947903"
"1485700","346956","221206","297488","16946","1","0","DEFAULT","1743176941203583829","true","1485700","","1722384000000","1485700","1743176941203583829"
"1485694","346956","204282","297489","16946","1","0","DEFAULT","1742554597217908274","true","1485694","","1722384000000","1485694","1742554597217908274"
"1485701","346956","201927","297490","16946","1","0","DEFAULT","1743177681976156069","true","1485701","","1722384000000","1485701","1743177681976156069"
"1485695","346956","201927","297491","16946","1","0","DEFAULT","1742554597219448544","true","1485695","","1722384000000","1485695","1742554597219448544"
"1485703","346956","201927","297492","16946","1","0","DEFAULT","1742554597225453300","true","1485703","","1722384000000","1485703","1742554597225453300"
"1485696","346956","201927","297493","16946","1","0","DEFAULT","1743178030533398433","true","1485696","","1722384000000","1485696","1743178030533398433"
"1485704","346956","201927","297494","16946","1","0","DEFAULT","1742554597225943206","true","1485704","","1722384000000","1485704","1742554597225943206"
"1485705","346956","201927","297496","16946","1","0","DEFAULT","1742554597226189497","true","1485705","","1722384000000","1485705","1742554597226189497"
"1485706","346956","201927","297497","16946","1","0","DEFAULT","1743177056281128935","true","1485706","","1722384000000","1485706","1743177056281128935"
"1485697","346956","201927","297498","16946","1","0","DEFAULT","1743176924091543055","true","1485697","","1722384000000","1485697","1743176924091543055"
"1485698","346956","201927","297499","16946","1","0","DEFAULT","1743176982877090113","true","1485698","","1722384000000","1485698","1743176982877090113"
"1485699","346956","201927","297500","16946","1","0","DEFAULT","1743177009178471488","true","1485699","","1722384000000","1485699","1743177009178471488"
"1444694","346957","201926","279501","16946","1","0","DEFAULT","1742554581802517521","true","1444694","","1721001600000","1444694","1742554581802517521"
"1448614","347851","201926","235382","16946","1","0","DEFAULT","1742554581799050539","true","1448614","","1721088000000","1448614","1742554581799050539"
"1452046","347851","201927","305292","16946","1","0","DEFAULT","1742554576627990219","true","1452046","","1721174400000","1452046","1742554576627990219"
"1463029","351944","201926","235382","16946","1","0","DEFAULT","1742554581802766609","true","1463029","","1721606400000","1463029","1742554581802766609"
"1470057","353230","201926","275181","16946","1","0","DEFAULT","1742554612799013170","true","1470057","","1721865600000","1470057","1742554612799013170"
"1591758","353230","201927","297493","16946","1","0","DEFAULT","1743178030539353815","true","1591758","","1724803200000","1591758","1743178030539353815"
"1591689","353230","201927","297494","16946","1","0","DEFAULT","1742554602387319178","true","1591689","","1724803200000","1591689","1742554602387319178"
"1484778","356648","201926","275181","16946","1","0","DEFAULT","1742554618111900323","true","1484778","","1722384000000","1484778","1742554618111900323"
"1496710","359892","201926","284088","16946","1","0","DEFAULT","1742554592065941374","true","1496710","","1722816000000","1496710","1742554592065941374"
"1505857","359892","204282","306301","16946","1","0","DEFAULT","1742554597216213725","true","1505857","","1723075200000","1505857","1742554597216213725"
"1505340","361879","201926","275181","16946","1","0","DEFAULT","1742554592066200316","true","1505340","","1723075200000","1505340","1742554592066200316"
"1667837","377953","201926","293237","16946","1","0","DEFAULT","1743176871349486174","true","1667837","","1727049600000","1667837","1743176871349486174"
"1587614","377953","204282","297489","16946","1","0","DEFAULT","1742554597218168548","true","1587614","","1724716800000","1587614","1742554597218168548"
"1587615","377953","201927","297492","16946","1","0","DEFAULT","1742554597231389150","true","1587615","","1724716800000","1587615","1742554597231389150"
"1587616","377953","201927","297493","16946","1","0","DEFAULT","1743178030539607401","true","1587616","","1724716800000","1587616","1743178030539607401"
"1727194","378048","201926","275181","16946","1","0","DEFAULT","1742592265252197607","true","1727194","","1728518400000","1727194","1742592265252197607"
"1679402","378048","204282","293237","16946","1","0","DEFAULT","1743176871349730073","true","1679402","","1727222400000","1679402","1743176871349730073"
"1588083","378048","221206","297488","16946","1","0","DEFAULT","1743176941203829477","true","1588083","","1724803200000","1588083","1743176941203829477"
"1588084","378048","201927","297494","16946","1","0","DEFAULT","1742592265251468821","true","1588084","","1724803200000","1588084","1742592265251468821"
"1679400","378048","201927","297497","16946","1","0","DEFAULT","1743177056273694530","true","1679400","","1727222400000","1679400","1743177056273694530"
"1588082","378048","201927","297498","16946","1","0","DEFAULT","1743176918916813715","true","1588082","","1724803200000","1588082","1743176918916813715"
"1678539","386474","201926","235382","16946","1","0","DEFAULT","1742554581807379548","true","1678539","","1727222400000","1678539","1742554581807379548"
"1678540","386474","204282","275181","16946","1","0","DEFAULT","1742554592065694764","true","1678540","","1727222400000","1678540","1742554592065694764"
"1678541","386474","204282","279501","16946","1","0","DEFAULT","1742554586952447810","true","1678541","","1727222400000","1678541","1742554586952447810"
"1678542","386474","204282","293237","16946","1","0","DEFAULT","1743176866164931265","true","1678542","","1727222400000","1678542","1743176866164931265"
"1678543","386474","221206","297488","16946","1","0","DEFAULT","1743176941191195689","true","1678543","","1727222400000","1678543","1743176941191195689"
"1678548","386474","204282","297489","16946","1","0","DEFAULT","1742554586944433023","true","1678548","","1727222400000","1678548","1742554586944433023"
"1678549","386474","201927","297490","16946","1","0","DEFAULT","1743177681976395258","true","1678549","","1727222400000","1678549","1743177681976395258"
"1678550","386474","201927","297491","16946","1","0","DEFAULT","1742554586953697369","true","1678550","","1727222400000","1678550","1742554586953697369"
"1678551","386474","201927","297492","16946","1","0","DEFAULT","1742554586954205635","true","1678551","","1727222400000","1678551","1742554586954205635"
"1678552","386474","201927","297493","16946","1","0","DEFAULT","1743178030539854791","true","1678552","","1727222400000","1678552","1743178030539854791"
"1678553","386474","201927","297494","16946","1","0","DEFAULT","1742554586954952204","true","1678553","","1727222400000","1678553","1742554586954952204"
"1678554","386474","201927","297496","16946","1","0","DEFAULT","1742554586952207206","true","1678554","","1727222400000","1678554","1742554586952207206"
"1678555","386474","201927","297497","16946","1","0","DEFAULT","1743177056273159033","true","1678555","","1727222400000","1678555","1743177056273159033"
"1678556","386474","201927","297498","16946","1","0","DEFAULT","1743176924091792700","true","1678556","","1727222400000","1678556","1743176924091792700"
"1678557","386474","201927","297499","16946","1","0","DEFAULT","1743176982877335012","true","1678557","","1727222400000","1678557","1743176982877335012"
"1678558","386474","201927","297500","16946","1","0","DEFAULT","1743177009178728750","true","1678558","","1727222400000","1678558","1743177009178728750"
"1678576","386476","204282","235382","16946","1","0","DEFAULT","1742554592054121478","true","1678576","","1727222400000","1678576","1742554592054121478"
"1678577","386476","204282","275181","16946","1","0","DEFAULT","1742554586952940390","true","1678577","","1727222400000","1678577","1742554586952940390"
"1678578","386476","204282","279501","16946","1","0","DEFAULT","1742554592056243917","true","1678578","","1727222400000","1678578","1742554592056243917"
"1678579","386476","201926","293237","16946","1","0","DEFAULT","1743176871349972757","true","1678579","","1727222400000","1678579","1743176871349972757"
"1678580","386476","221206","297488","16946","1","0","DEFAULT","1743176941204468393","true","1678580","","1727222400000","1678580","1743176941204468393"
"1678581","386476","204282","297489","16946","1","0","DEFAULT","1742554586951211262","true","1678581","","1727222400000","1678581","1742554586951211262"
"1678582","386476","201927","297490","16946","1","0","DEFAULT","1743177681976892651","true","1678582","","1727222400000","1678582","1743177681976892651"
"1678583","386476","201927","297491","16946","1","0","DEFAULT","1742554586953938107","true","1678583","","1727222400000","1678583","1742554586953938107"
"1678584","386476","201927","297492","16946","1","0","DEFAULT","1742554592055991277","true","1678584","","1727222400000","1678584","1742554592055991277"
"1678586","386476","201927","297493","16946","1","0","DEFAULT","1743178030537091469","true","1678586","","1727222400000","1678586","1743178030537091469"
"1678589","386476","201927","297494","16946","1","0","DEFAULT","1742554592056984824","true","1678589","","1727222400000","1678589","1742554592056984824"
"1678590","386476","201927","297496","16946","1","0","DEFAULT","1742554592057503175","true","1678590","","1727222400000","1678590","1742554592057503175"
"1678591","386476","201927","297497","16946","1","0","DEFAULT","1743177056281618217","true","1678591","","1727222400000","1678591","1743177056281618217"
"1678593","386476","201927","297498","16946","1","0","DEFAULT","1743176924092292613","true","1678593","","1727222400000","1678593","1743176924092292613"
"1678594","386476","201927","297499","16946","1","0","DEFAULT","1743176982878069839","true","1678594","","1727222400000","1678594","1743176982878069839"
"1678595","386476","201927","297500","16946","1","0","DEFAULT","1743177009179240782","true","1678595","","1727222400000","1678595","1743177009179240782"
"1678596","386477","204282","235382","16946","1","0","DEFAULT","1742554555961033696","true","1678596","","1727222400000","1678596","1742554555961033696"
"1678597","386477","204282","275181","16946","1","0","DEFAULT","1742554561141119817","true","1678597","","1727222400000","1678597","1742554561141119817"
"1678598","386477","204282","279501","16946","1","0","DEFAULT","1742554561154937292","true","1678598","","1727222400000","1678598","1742554561154937292"
"1678599","386477","204282","293237","16946","1","0","DEFAULT","1743176871355437732","true","1678599","","1727222400000","1678599","1743176871355437732"
"1678600","386477","221206","297488","16946","1","0","DEFAULT","1743176941204719582","true","1678600","","1727222400000","1678600","1743176941204719582"
"1678601","386477","201926","297489","16946","1","0","DEFAULT","1742554555957879029","true","1678601","","1727222400000","1678601","1742554555957879029"
"1678602","386477","201927","297490","16946","1","0","DEFAULT","1743177681977133780","true","1678602","","1727222400000","1678602","1743177681977133780"
"1678603","386477","201927","297491","16946","1","0","DEFAULT","1742554561154521854","true","1678603","","1727222400000","1678603","1742554561154521854"
"1678605","386477","201927","297492","16946","1","0","DEFAULT","1742554555958852965","true","1678605","","1727222400000","1678605","1742554555958852965"
"1678606","386477","201927","297493","16946","1","0","DEFAULT","1743178030536345258","true","1678606","","1727222400000","1678606","1743178030536345258"
"1678611","386477","201927","297494","16946","1","0","DEFAULT","1742554561157322178","true","1678611","","1727222400000","1678611","1742554561157322178"
"1678612","386477","201927","297496","16946","1","0","DEFAULT","1742554555957633772","true","1678612","","1727222400000","1678612","1742554555957633772"
"1678613","386477","201927","297497","16946","1","0","DEFAULT","1743177056281856754","true","1678613","","1727222400000","1678613","1743177056281856754"
"1678614","386477","201927","297498","16946","1","0","DEFAULT","1743176924095057010","true","1678614","","1727222400000","1678614","1743176924095057010"
"1678615","386477","201927","297499","16946","1","0","DEFAULT","1743176977628338545","true","1678615","","1727222400000","1678615","1743176977628338545"
"1678616","386477","201927","297500","16946","1","0","DEFAULT","1743177009179496418","true","1678616","","1727222400000","1678616","1743177009179496418"
"1678617","386478","201926","235382","16946","1","0","DEFAULT","1742554561152189372","true","1678617","","1727222400000","1678617","1742554561152189372"
"1678618","386478","204282","275181","16946","1","0","DEFAULT","1742554561152699028","true","1678618","","1727222400000","1678618","1742554561152699028"
"1678619","386478","204282","279501","16946","1","0","DEFAULT","1742554555958121529","true","1678619","","1727222400000","1678619","1742554555958121529"
"1678620","386478","204282","293237","16946","1","0","DEFAULT","1743176871355681131","true","1678620","","1727222400000","1678620","1743176871355681131"
"1678621","386478","221206","297488","16946","1","0","DEFAULT","1743176941204972683","true","1678621","","1727222400000","1678621","1743176941204972683"
"1678622","386478","204282","297489","16946","1","0","DEFAULT","1742554561138546522","true","1678622","","1727222400000","1678622","1742554561138546522"
"1678623","386478","201927","297490","16946","1","0","DEFAULT","1743177681977378708","true","1678623","","1727222400000","1678623","1743177681977378708"
"1678624","386478","201927","297491","16946","1","0","DEFAULT","1742554561148822351","true","1678624","","1727222400000","1678624","1742554561148822351"
"1678625","386478","201927","297492","16946","1","0","DEFAULT","1742554561141957452","true","1678625","","1727222400000","1678625","1742554561141957452"
"1678626","386478","201927","297493","16946","1","0","DEFAULT","1743178030534621431","true","1678626","","1727222400000","1678626","1743178030534621431"
"1678627","386478","201927","297494","16946","1","0","DEFAULT","1742554561161104659","true","1678627","","1727222400000","1678627","1742554561161104659"
"1678628","386478","201927","297496","16946","1","0","DEFAULT","1742554555961527712","true","1678628","","1727222400000","1678628","1742554555961527712"
"1678630","386478","201927","297497","16946","1","0","DEFAULT","1743177056282099771","true","1678630","","1727222400000","1678630","1743177056282099771"
"1678632","386478","201927","297498","16946","1","0","DEFAULT","1743176924095308623","true","1678632","","1727222400000","1678632","1743176924095308623"
"1678633","386478","201927","297499","16946","1","0","DEFAULT","1743176982877827454","true","1678633","","1727222400000","1678633","1743176982877827454"
"1678634","386478","201927","297500","16946","1","0","DEFAULT","1743177009179743472","true","1678634","","1727222400000","1678634","1743177009179743472"
"1678636","386479","204282","235382","16946","1","0","DEFAULT","1742554561158130352","true","1678636","","1727222400000","1678636","1742554561158130352"
"1678637","386479","204282","275181","16946","1","0","DEFAULT","1742554561149934472","true","1678637","","1727222400000","1678637","1742554561149934472"
"1678638","386479","204282","279501","16946","1","0","DEFAULT","1742554566369137457","true","1678638","","1727222400000","1678638","1742554566369137457"
"1678639","386479","204282","293237","16946","1","0","DEFAULT","1743176871355927260","true","1678639","","1727222400000","1678639","1743176871355927260"
"1678640","386479","201926","297488","16946","1","0","DEFAULT","1743176941191957865","true","1678640","","1727222400000","1678640","1743176941191957865"
"1678641","386479","204282","297489","16946","1","0","DEFAULT","1742554555956908002","true","1678641","","1727222400000","1678641","1742554555956908002"
"1678642","386479","201927","297490","16946","1","0","DEFAULT","1743177681977618514","true","1678642","","1727222400000","1678642","1743177681977618514"
"1678644","386479","201927","297491","16946","1","0","DEFAULT","1742554561164226925","true","1678644","","1727222400000","1678644","1742554561164226925"
"1678645","386479","201927","297492","16946","1","0","DEFAULT","1742554561163848170","true","1678645","","1727222400000","1678645","1742554561163848170"
"1678646","386479","201927","297493","16946","1","0","DEFAULT","1743178030534379487","true","1678646","","1727222400000","1678646","1743178030534379487"
"1678647","386479","201927","297494","16946","1","0","DEFAULT","1742554561161555098","true","1678647","","1727222400000","1678647","1742554561161555098"
"1678648","386479","201927","297496","16946","1","0","DEFAULT","1742554561155744724","true","1678648","","1727222400000","1678648","1742554561155744724"
"1678649","386479","201927","297497","16946","1","0","DEFAULT","1743177056282347807","true","1678649","","1727222400000","1678649","1743177056282347807"
"1678650","386479","201927","297498","16946","1","0","DEFAULT","1743176924095559103","true","1678650","","1727222400000","1678650","1743176924095559103"
"1678651","386479","201927","297499","16946","1","0","DEFAULT","1743176977628825304","true","1678651","","1727222400000","1678651","1743176977628825304"
"1678652","386479","201927","297500","16946","1","0","DEFAULT","1743177009179989288","true","1678652","","1727222400000","1678652","1743177009179989288"
"1628762","386480","201926","284088","16946","1","0","DEFAULT","1742554586942675107","true","1628762","","1725840000000","1628762","1742554586942675107"
"1678653","386481","204282","235382","16946","1","0","DEFAULT","1742554561139365811","true","1678653","","1727222400000","1678653","1742554561139365811"
"1678654","386481","204282","275181","16946","1","0","DEFAULT","1742554561158519467","true","1678654","","1727222400000","1678654","1742554561158519467"
"1678655","386481","204282","279501","16946","1","0","DEFAULT","1742554555960302488","true","1678655","","1727222400000","1678655","1742554555960302488"
"1678656","386481","201926","293237","16946","1","0","DEFAULT","1743176871349241647","true","1678656","","1727222400000","1678656","1743176871349241647"
"1678657","386481","221206","297488","16946","1","0","DEFAULT","1743176941205215827","true","1678657","","1727222400000","1678657","1743176941205215827"
"1678659","386481","204282","297489","16946","1","0","DEFAULT","1742554561161938352","true","1678659","","1727222400000","1678659","1742554561161938352"
"1678660","386481","201927","297490","16946","1","0","DEFAULT","1743177681977860944","true","1678660","","1727222400000","1678660","1743177681977860944"
"1678661","386481","201927","297491","16946","1","0","DEFAULT","1742554555959093244","true","1678661","","1727222400000","1678661","1742554555959093244"
"1678662","386481","201927","297492","16946","1","0","DEFAULT","1742554555958366380","true","1678662","","1727222400000","1678662","1742554555958366380"
"1678663","386481","201927","297493","16946","1","0","DEFAULT","1743178030538090254","true","1678663","","1727222400000","1678663","1743178030538090254"
"1678664","386481","201927","297494","16946","1","0","DEFAULT","1742554561151106325","true","1678664","","1727222400000","1678664","1742554561151106325"
"1678665","386481","201927","297496","16946","1","0","DEFAULT","1742554561165479591","true","1678665","","1727222400000","1678665","1742554561165479591"
"1678666","386481","201927","297497","16946","1","0","DEFAULT","1743177056282618257","true","1678666","","1727222400000","1678666","1743177056282618257"
"1678667","386481","201927","297498","16946","1","0","DEFAULT","1743176924095806414","true","1678667","","1727222400000","1678667","1743176924095806414"
"1678669","386481","201927","297499","16946","1","0","DEFAULT","1743176982878315911","true","1678669","","1727222400000","1678669","1743176982878315911"
"1678670","386481","201927","297500","16946","1","0","DEFAULT","1743177009180231614","true","1678670","","1727222400000","1678670","1743177009180231614"
"1678671","386482","204282","235382","16946","1","0","DEFAULT","1742554566369884687","true","1678671","","1727222400000","1678671","1742554566369884687"
"1678672","386482","204282","275181","16946","1","0","DEFAULT","1742554555961771927","true","1678672","","1727222400000","1678672","1742554555961771927"
"1678673","386482","204282","279501","16946","1","0","DEFAULT","1742554561142882803","true","1678673","","1727222400000","1678673","1742554561142882803"
"1678674","386482","201926","293237","16946","1","0","DEFAULT","1743176866165182796","true","1678674","","1727222400000","1678674","1743176866165182796"
"1678676","386482","221206","297488","16946","1","0","DEFAULT","1743176941205461107","true","1678676","","1727222400000","1678676","1743176941205461107"
"1678678","386482","204282","297489","16946","1","0","DEFAULT","1742554555962015278","true","1678678","","1727222400000","1678678","1742554555962015278"
"1678680","386482","201927","297490","16946","1","0","DEFAULT","1743177681978097591","true","1678680","","1727222400000","1678680","1743177681978097591"
"1678681","386482","201927","297491","16946","1","0","DEFAULT","1742554561143734596","true","1678681","","1727222400000","1678681","1742554561143734596"
"1678682","386482","201927","297492","16946","1","0","DEFAULT","1742554555960544783","true","1678682","","1727222400000","1678682","1742554555960544783"
"1678683","386482","201927","297493","16946","1","0","DEFAULT","1743178030540098348","true","1678683","","1727222400000","1678683","1743178030540098348"
"1678684","386482","201927","297494","16946","1","0","DEFAULT","1742554561139829381","true","1678684","","1727222400000","1678684","1742554561139829381"
"1678685","386482","201927","297496","16946","1","0","DEFAULT","1742554561144145991","true","1678685","","1727222400000","1678685","1742554561144145991"
"1678686","386482","201927","297497","16946","1","0","DEFAULT","1743177056282886199","true","1678686","","1727222400000","1678686","1743177056282886199"
"1678687","386482","201927","297498","16946","1","0","DEFAULT","1743176924096051703","true","1678687","","1727222400000","1678687","1743176924096051703"
"1678688","386482","201927","297499","16946","1","0","DEFAULT","1743176982878556768","true","1678688","","1727222400000","1678688","1743176982878556768"
"1678689","386482","201927","297500","16946","1","0","DEFAULT","1743177009180478011","true","1678689","","1727222400000","1678689","1743177009180478011"
"1678690","386483","204282","235382","16946","1","0","DEFAULT","1742554555956663481","true","1678690","","1727222400000","1678690","1742554555956663481"
"1678691","386483","204282","275181","16946","1","0","DEFAULT","1742554561140707046","true","1678691","","1727222400000","1678691","1742554561140707046"
"1678692","386483","204282","279501","16946","1","0","DEFAULT","1742554555957392210","true","1678692","","1727222400000","1678692","1742554555957392210"
"1678693","386483","201926","293237","16946","1","0","DEFAULT","1743176871348486870","true","1678693","","1727222400000","1678693","1743176871348486870"
"1678694","386483","221206","297488","16946","1","0","DEFAULT","1743176941205724006","true","1678694","","1727222400000","1678694","1743176941205724006"
"1678695","386483","204282","297489","16946","1","0","DEFAULT","1742554555957149285","true","1678695","","1727222400000","1678695","1742554555957149285"
"1678696","386483","201927","297490","16946","1","0","DEFAULT","1743177681978340881","true","1678696","","1727222400000","1678696","1743177681978340881"
"1678697","386483","201927","297491","16946","1","0","DEFAULT","1742554555960060419","true","1678697","","1727222400000","1678697","1742554555960060419"
"1678698","386483","201927","297492","16946","1","0","DEFAULT","1742554561158968514","true","1678698","","1727222400000","1678698","1742554561158968514"
"1678699","386483","201927","297493","16946","1","0","DEFAULT","1743178030537339666","true","1678699","","1727222400000","1678699","1743178030537339666"
"1678700","386483","201927","297494","16946","1","0","DEFAULT","1742554561160692790","true","1678700","","1727222400000","1678700","1742554561160692790"
"1678701","386483","201927","297496","16946","1","0","DEFAULT","1742554555960790067","true","1678701","","1727222400000","1678701","1742554555960790067"
"1678702","386483","201927","297497","16946","1","0","DEFAULT","1743177056283139782","true","1678702","","1727222400000","1678702","1743177056283139782"
"1678703","386483","201927","297498","16946","1","0","DEFAULT","1743176924096299136","true","1678703","","1727222400000","1678703","1743176924096299136"
"1678704","386483","201927","297499","16946","1","0","DEFAULT","1743176977628582961","true","1678704","","1727222400000","1678704","1743176977628582961"
"1678705","386483","201927","297500","16946","1","0","DEFAULT","1743177009180722285","true","1678705","","1727222400000","1678705","1743177009180722285"
"1678706","386484","204282","235382","16946","1","0","DEFAULT","1742554555962750717","true","1678706","","1727222400000","1678706","1742554555962750717"
"1678707","386484","204282","275181","16946","1","0","DEFAULT","1742554555962995662","true","1678707","","1727222400000","1678707","1742554555962995662"
"1678709","386484","204282","279501","16946","1","0","DEFAULT","1742554607642833925","true","1678709","","1727222400000","1678709","1742554607642833925"
"1678710","386484","201926","293237","16946","1","0","DEFAULT","1743176866164682483","true","1678710","","1727222400000","1678710","1743176866164682483"
"1678711","386484","221206","297488","16946","1","0","DEFAULT","1743176941205975589","true","1678711","","1727222400000","1678711","1743176941205975589"
"1678712","386484","204282","297489","16946","1","0","DEFAULT","1742554602392084447","true","1678712","","1727222400000","1678712","1742554602392084447"
"1678713","386484","201927","297490","16946","1","0","DEFAULT","1743177681978587153","true","1678713","","1727222400000","1678713","1743177681978587153"
"1678714","386484","201927","297491","16946","1","0","DEFAULT","1742554607643352539","true","1678714","","1727222400000","1678714","1742554607643352539"
"1678715","386484","201927","297492","16946","1","0","DEFAULT","1742554607650071911","true","1678715","","1727222400000","1678715","1742554607650071911"
"1678716","386484","201927","297493","16946","1","0","DEFAULT","1743178030536841647","true","1678716","","1727222400000","1678716","1743178030536841647"
"1678717","386484","201927","297494","16946","1","0","DEFAULT","1742554607646355910","true","1678717","","1727222400000","1678717","1742554607646355910"
"1678718","386484","201927","297496","16946","1","0","DEFAULT","1742554612792061140","true","1678718","","1727222400000","1678718","1742554612792061140"
"1678719","386484","201927","297497","16946","1","0","DEFAULT","1743177056283383867","true","1678719","","1727222400000","1678719","1743177056283383867"
"1678720","386484","201927","297498","16946","1","0","DEFAULT","1743176924096570620","true","1678720","","1727222400000","1678720","1743176924096570620"
"1678721","386484","201927","297499","16946","1","0","DEFAULT","1743176982878838752","true","1678721","","1727222400000","1678721","1743176982878838752"
"1678722","386484","201927","297500","16946","1","0","DEFAULT","1743177009181688947","true","1678722","","1727222400000","1678722","1743177009181688947"
"1678723","386485","204282","235382","16946","1","0","DEFAULT","1742554602391580890","true","1678723","","1727222400000","1678723","1742554602391580890"
"1678724","386485","204282","275181","16946","1","0","DEFAULT","1742554612797041906","true","1678724","","1727222400000","1678724","1742554612797041906"
"1678725","386485","204282","279501","16946","1","0","DEFAULT","1742554607645375881","true","1678725","","1727222400000","1678725","1742554607645375881"
"1678726","386485","201926","293237","16946","1","0","DEFAULT","1743176866164437510","true","1678726","","1727222400000","1678726","1743176866164437510"
"1678727","386485","221206","297488","16946","1","0","DEFAULT","1743176941206224192","true","1678727","","1727222400000","1678727","1743176941206224192"
"1678728","386485","204282","297489","16946","1","0","DEFAULT","1742554602392327838","true","1678728","","1727222400000","1678728","1742554602392327838"
"1678729","386485","201927","297490","16946","1","0","DEFAULT","1743177681978835766","true","1678729","","1727222400000","1678729","1743177681978835766"
"1678730","386485","201927","297491","16946","1","0","DEFAULT","1742554607654007841","true","1678730","","1727222400000","1678730","1742554607654007841"
"1678732","386485","201927","297492","16946","1","0","DEFAULT","1742554607646836366","true","1678732","","1727222400000","1678732","1742554607646836366"
"1678733","386485","201927","297493","16946","1","0","DEFAULT","1743178030534133393","true","1678733","","1727222400000","1678733","1743178030534133393"
"1678734","386485","201927","297494","16946","1","0","DEFAULT","1742554612793822711","true","1678734","","1727222400000","1678734","1742554612793822711"
"1678735","386485","201927","297496","16946","1","0","DEFAULT","1742554607654257097","true","1678735","","1727222400000","1678735","1742554607654257097"
"1678736","386485","201927","297497","16946","1","0","DEFAULT","1743177056283629469","true","1678736","","1727222400000","1678736","1743177056283629469"
"1678737","386485","201927","297498","16946","1","0","DEFAULT","1743176924096830138","true","1678737","","1727222400000","1678737","1743176924096830138"
"1678739","386485","201927","297499","16946","1","0","DEFAULT","1743176982879094736","true","1678739","","1727222400000","1678739","1743176982879094736"
"1678740","386485","201927","297500","16946","1","0","DEFAULT","1743177009173221291","true","1678740","","1727222400000","1678740","1743177009173221291"
"1678763","386487","204282","235382","16946","1","0","DEFAULT","1742554612794561830","true","1678763","","1727222400000","1678763","1742554612794561830"
"1678764","386487","204282","275181","16946","1","0","DEFAULT","1742554612793317161","true","1678764","","1727222400000","1678764","1742554612793317161"
"1678765","386487","204282","279501","16946","1","0","DEFAULT","1742554602393294345","true","1678765","","1727222400000","1678765","1742554602393294345"
"1678766","386487","201926","293237","16946","1","0","DEFAULT","1743176866163444130","true","1678766","","1727222400000","1678766","1743176866163444130"
"1678767","386487","221206","297488","16946","1","0","DEFAULT","1743176941191707454","true","1678767","","1727222400000","1678767","1743176941191707454"
"1678768","386487","204282","297489","16946","1","0","DEFAULT","1742554602392815733","true","1678768","","1727222400000","1678768","1742554602392815733"
"1678769","386487","201927","297490","16946","1","0","DEFAULT","1743177681979329193","true","1678769","","1727222400000","1678769","1743177681979329193"
"1678770","386487","201927","297491","16946","1","0","DEFAULT","1742554612794806974","true","1678770","","1727222400000","1678770","1742554612794806974"
"1678771","386487","201927","297492","16946","1","0","DEFAULT","1742554607651048053","true","1678771","","1727222400000","1678771","1742554607651048053"
"1678772","386487","201927","297493","16946","1","0","DEFAULT","1743178030537839856","true","1678772","","1727222400000","1678772","1743178030537839856"
"1678773","386487","201927","297494","16946","1","0","DEFAULT","1742554607652267729","true","1678773","","1727222400000","1678773","1742554607652267729"
"1678774","386487","201927","297496","16946","1","0","DEFAULT","1742554607652998424","true","1678774","","1727222400000","1678774","1742554607652998424"
"1678775","386487","201927","297497","16946","1","0","DEFAULT","1743177056283875139","true","1678775","","1727222400000","1678775","1743177056283875139"
"1678776","386487","201927","297498","16946","1","0","DEFAULT","1743176924097084622","true","1678776","","1727222400000","1678776","1743176924097084622"
"1678782","386487","201927","297499","16946","1","0","DEFAULT","1743176982879584290","true","1678782","","1727222400000","1678782","1743176982879584290"
"1678785","386487","201927","297500","16946","1","0","DEFAULT","1743177009172970913","true","1678785","","1727222400000","1678785","1743177009172970913"
"1678786","386488","204282","235382","16946","1","0","DEFAULT","1742554602391835180","true","1678786","","1727222400000","1678786","1742554602391835180"
"1678787","386488","204282","275181","16946","1","0","DEFAULT","1742554607653262805","true","1678787","","1727222400000","1678787","1742554607653262805"
"1678788","386488","204282","279501","16946","1","0","DEFAULT","1742554602394278172","true","1678788","","1727222400000","1678788","1742554602394278172"
"1678789","386488","201926","293237","16946","1","0","DEFAULT","1743176866163691278","true","1678789","","1727222400000","1678789","1743176866163691278"
"1678790","386488","221206","297488","16946","1","0","DEFAULT","1743176941206733045","true","1678790","","1727222400000","1678790","1743176941206733045"
"1678793","386488","204282","297489","16946","1","0","DEFAULT","1742554602393057807","true","1678793","","1727222400000","1678793","1742554602393057807"
"1678796","386488","201927","297490","16946","1","0","DEFAULT","1743177681979570705","true","1678796","","1727222400000","1678796","1743177681979570705"
"1678797","386488","201927","297491","16946","1","0","DEFAULT","1742554607651287960","true","1678797","","1727222400000","1678797","1742554607651287960"
"1678798","386488","201927","297492","16946","1","0","DEFAULT","1742554607645129578","true","1678798","","1727222400000","1678798","1742554607645129578"
"1678800","386488","201927","297493","16946","1","0","DEFAULT","1743178030540593493","true","1678800","","1727222400000","1678800","1743178030540593493"
"1678801","386488","201927","297494","16946","1","0","DEFAULT","1742554612795054688","true","1678801","","1727222400000","1678801","1742554612795054688"
"1678802","386488","201927","297496","16946","1","0","DEFAULT","1742554612793044522","true","1678802","","1727222400000","1678802","1742554612793044522"
"1678803","386488","201927","297497","16946","1","0","DEFAULT","1743177056284122683","true","1678803","","1727222400000","1678803","1743177056284122683"
"1678807","386488","201927","297498","16946","1","0","DEFAULT","1743176924097330562","true","1678807","","1727222400000","1678807","1743176924097330562"
"1678809","386488","201927","297499","16946","1","0","DEFAULT","1743176982879824899","true","1678809","","1727222400000","1678809","1743176982879824899"
"1678810","386488","201927","297500","16946","1","0","DEFAULT","1743177009181201280","true","1678810","","1727222400000","1678810","1743177009181201280"
"1678827","386490","204282","235382","16946","1","0","DEFAULT","1742554612796794131","true","1678827","","1727222400000","1678827","1742554612796794131"
"1678828","386490","204282","275181","16946","1","0","DEFAULT","1742554612797540341","true","1678828","","1727222400000","1678828","1742554612797540341"
"1678829","386490","204282","279501","16946","1","0","DEFAULT","1742554612789521079","true","1678829","","1727222400000","1678829","1742554612789521079"
"1678830","386490","201926","293237","16946","1","0","DEFAULT","1743176866163931906","true","1678830","","1727222400000","1678830","1743176866163931906"
"1678831","386490","221206","297488","16946","1","0","DEFAULT","1743176941206982135","true","1678831","","1727222400000","1678831","1743176941206982135"
"1678834","386490","204282","297489","16946","1","0","DEFAULT","1742554607649585511","true","1678834","","1727222400000","1678834","1742554607649585511"
"1678835","386490","201927","297490","16946","1","0","DEFAULT","1743177681980058900","true","1678835","","1727222400000","1678835","1743177681980058900"
"1678836","386490","201927","297491","16946","1","0","DEFAULT","1742554566374119363","true","1678836","","1727222400000","1678836","1742554566374119363"
"1678837","386490","201927","297492","16946","1","0","DEFAULT","1742554566373104923","true","1678837","","1727222400000","1678837","1742554566373104923"
"1678838","386490","201927","297493","16946","1","0","DEFAULT","1743178030537591663","true","1678838","","1727222400000","1678838","1743178030537591663"
"1678839","386490","201927","297494","16946","1","0","DEFAULT","1742554566373374972","true","1678839","","1727222400000","1678839","1742554566373374972"
"1678840","386490","201927","297496","16946","1","0","DEFAULT","1742554566372611745","true","1678840","","1727222400000","1678840","1742554566372611745"
"1678841","386490","201927","297497","16946","1","0","DEFAULT","1743177056284616474","true","1678841","","1727222400000","1678841","1743177056284616474"
"1678842","386490","201927","297498","16946","1","0","DEFAULT","1743176918917593417","true","1678842","","1727222400000","1678842","1743176918917593417"
"1678843","386490","201927","297499","16946","1","0","DEFAULT","1743176982880314608","true","1678843","","1727222400000","1678843","1743176982880314608"
"1678844","386490","201927","297500","16946","1","0","DEFAULT","1743177009181937096","true","1678844","","1727222400000","1678844","1743177009181937096"
"1733304","388921","201926","235382","16946","1","0","DEFAULT","1742554566372120099","true","1733304","","1728604800000","1733304","1742554566372120099"
"1641568","388921","204282","279501","16946","1","0","DEFAULT","1742554586945904468","true","1641568","","1726099200000","1641568","1742554586945904468"
"1641569","388921","221206","297488","16946","1","0","DEFAULT","1743176941207241016","true","1641569","","1726099200000","1641569","1743176941207241016"
"1641570","388921","201927","297490","16946","1","0","DEFAULT","1743177681980299743","true","1641570","","1726099200000","1641570","1743177681980299743"
"1645024","388921","201927","297496","16946","1","0","DEFAULT","1742554586946412026","true","1645024","","1726185600000","1645024","1742554586946412026"
"1650349","391531","204282","279501","16946","1","0","DEFAULT","1742554592063589257","true","1650349","","1726444800000","1650349","1742554592063589257"
"1674241","391531","201926","293237","16946","1","0","DEFAULT","1743176871348995595","true","1674241","","1727136000000","1674241","1743176871348995595"
"1651099","391531","201927","297491","16946","1","0","DEFAULT","1742554586950235777","true","1651099","","1726444800000","1651099","1742554586950235777"
"1651083","391531","201927","297492","16946","1","0","DEFAULT","1742554586949738347","true","1651083","","1726444800000","1651083","1742554586949738347"
"1654624","391531","201927","297493","16946","1","0","DEFAULT","1743178030538342041","true","1654624","","1726531200000","1654624","1743178030538342041"
"1651084","391531","201927","297499","16946","1","0","DEFAULT","1743176982880560726","true","1651084","","1726444800000","1651084","1743176982880560726"
"1669333","396266","201926","235382","16946","1","0","DEFAULT","1742554586946163190","true","1669333","","1727049600000","1669333","1742554586946163190"
"1669565","396266","204282","279501","16946","1","0","DEFAULT","1742554586946660323","true","1669565","","1727049600000","1669565","1742554586946660323"
"1814227","413258","201926","235382","16946","1","0","DEFAULT","1742554571507094499","true","1814227","","1730764800000","1814227","1742554571507094499"
"1843879","413258","204282","293237","16946","1","0","DEFAULT","1743176871356171568","true","1843879","","1731542400000","1843879","1743176871356171568"
"1843878","413258","201927","297494","16946","1","0","DEFAULT","1742554571500347681","true","1843878","","1731542400000","1843878","1742554571500347681"
"1915443","413258","201927","297499","16946","1","0","DEFAULT","1743176982880800262","true","1915443","","1733443200000","1915443","1743176982880800262"
"1733299","413385","201926","275181","16946","1","0","DEFAULT","1742554566371377529","true","1733299","","1728604800000","1733299","1742554566371377529"
"1745424","416027","201926","275181","16946","1","0","DEFAULT","1742554566376361597","true","1745424","","1729036800000","1745424","1742554566376361597"
"1919165","416027","204282","297489","16946","1","0","DEFAULT","1742554571502650357","true","1919165","","1733702400000","1919165","1742554571502650357"
"1745425","416027","201927","297493","16946","1","0","DEFAULT","1743178030541088552","true","1745425","","1729036800000","1745425","1743178030541088552"
"1745426","416027","201927","297494","16946","1","0","DEFAULT","1742554566376850132","true","1745426","","1729036800000","1745426","1742554566376850132"
"1808663","431430","201926","275181","16946","1","0","DEFAULT","1742554571506607210","true","1808663","","1730678400000","1808663","1742554571506607210"
"1808743","431430","204282","293237","16946","1","0","DEFAULT","1743176871350219293","true","1808743","","1730678400000","1808743","1743176871350219293"
"1816122","433135","201926","297489","16946","1","0","DEFAULT","1742554571507847501","true","1816122","","1730851200000","1816122","1742554571507847501"
"1843956","433135","201929","360197","16946","0","0","DEFAULT","1742554571500873118","true","1843956","","","1843956","1742554571500873118"
"1835682","440319","201926","235382","16946","1","0","DEFAULT","1742917276010203959","true","1835682","","1731456000000","1835682","1742917276010203959"
"1974049","440319","341707","305136","16946","1","0","DEFAULT","1742917276010696359","true","1974049","","1734739200000","1974049","1742917276010696359"
"1974050","440319","341707","323754","16946","1","0","DEFAULT","1739999736658632276","true","1974050","","1734739200000","1974050","1739999736658632276"
"2215538","440319","341707","323755","16946","1","0","DEFAULT","1742917281136806114","true","2215538","","1739923200000","2215538","1742917281136806114"
"1974051","440319","341707","323756","16946","1","0","DEFAULT","1742917276010944877","true","1974051","","1734739200000","1974051","1742917276010944877"
"1974052","440319","341707","323758","16946","1","0","DEFAULT","1742917276011194602","true","1974052","","1734739200000","1974052","1742917276011194602"
"1974053","440319","341707","323759","16946","1","0","DEFAULT","1742917276011453001","true","1974053","","1734739200000","1974053","1742917276011453001"
"1974054","440319","341707","323760","16946","1","0","DEFAULT","1742917276011701557","true","1974054","","1734739200000","1974054","1742917276011701557"
"1974055","440319","341707","323761","16946","1","0","DEFAULT","1742917276011948478","true","1974055","","1734739200000","1974055","1742917276011948478"
"1974056","440319","341707","323762","16946","1","0","DEFAULT","1742917276012194540","true","1974056","","1734739200000","1974056","1742917276012194540"
"1974057","440319","341707","323764","16946","1","0","DEFAULT","1742917276012438627","true","1974057","","1734739200000","1974057","1742917276012438627"
"1974058","440319","341707","323767","16946","1","0","DEFAULT","1742917281136559856","true","1974058","","1734739200000","1974058","1742917281136559856"
"1974045","440319","341707","376202","16946","1","0","DEFAULT","1742917276010451024","true","1974045","","1734739200000","1974045","1742917276010451024"
"2341069","440319","341707","433686","16946","1","0","DEFAULT","1743440385244019221","true","2341069","","1742428800000","2341069","1743440385244019221"
"1843770","442258","201926","235382","16946","1","0","DEFAULT","1742554566379570112","true","1843770","","1731542400000","1843770","1742554566379570112"
"1843771","442258","221206","297488","16946","1","0","DEFAULT","1743176946412641161","true","1843771","","1731542400000","1843771","1743176946412641161"
"1843772","442258","201927","297490","16946","1","0","DEFAULT","1743177681980546477","true","1843772","","1731542400000","1843772","1743177681980546477"
"1855640","445938","201926","297489","16946","1","0","DEFAULT","1742554566376115546","true","1855640","","1731974400000","1855640","1742554566376115546"
"1915299","465759","201926","235382","16946","1","0","DEFAULT","1742554571501137445","true","1915299","","1733443200000","1915299","1742554571501137445"
"1915300","465759","201927","297492","16946","1","0","DEFAULT","1742554571501384084","true","1915300","","1733443200000","1915300","1742554571501384084"
"1915301","465759","201927","297493","16946","1","0","DEFAULT","1743178030541589091","true","1915301","","1733443200000","1915301","1743178030541589091"
"2326810","498666","204282","235382","16946","1","0","DEFAULT","1742554571511515421","true","2326810","","1742256000000","2326810","1742554571511515421"
"2014889","498666","201926","275181","16946","1","0","DEFAULT","1742554571508352277","true","2014889","","1736380800000","2014889","1742554571508352277"
"2021046","500071","201926","235382","16946","1","0","DEFAULT","1742554571508841555","true","2021046","","1736467200000","2021046","1742554571508841555"
"2021047","500071","201927","297490","16946","1","0","DEFAULT","1743177681980787864","true","2021047","","1736467200000","2021047","1743177681980787864"
"2021048","500071","201927","297494","16946","1","0","DEFAULT","1742554571509330930","true","2021048","","1736467200000","2021048","1742554571509330930"
"2021049","500071","201927","297497","16946","1","0","DEFAULT","1743177056284870554","true","2021049","","1736467200000","2021049","1743177056284870554"
"2021050","500071","201927","297498","16946","1","0","DEFAULT","1743176918917848238","true","2021050","","1736467200000","2021050","1743176918917848238"
"2021051","500071","201927","297499","16946","1","0","DEFAULT","1743176982881048463","true","2021051","","1736467200000","2021051","1743176982881048463"
"2116209","531566","201926","275181","16946","1","0","DEFAULT","1742554571508107684","true","2116209","","1738281600000","2116209","1742554571508107684"
"1678559","386475","201926","235382","16946","1","0","DEFAULT","1748221334093670076","true","1678559","","1727222400000","1678559","1748221334093670076"
"1678560","386475","204282","275181","16946","1","0","DEFAULT","1748221334094370156","true","1678560","","1727222400000","1678560","1748221334094370156"
"1678561","386475","204282","279501","16946","1","0","DEFAULT","1748221334095975666","true","1678561","","1727222400000","1678561","1748221334095975666"
"1678562","386475","204282","293237","16946","1","0","DEFAULT","1748221334096240589","true","1678562","","1727222400000","1678562","1748221334096240589"
"1678563","386475","221206","297488","16946","1","0","DEFAULT","1748221334096762397","true","1678563","","1727222400000","1678563","1748221334096762397"
"1678564","386475","204282","297489","16946","1","0","DEFAULT","1748221334094102109","true","1678564","","1727222400000","1678564","1748221334094102109"
"1678565","386475","201927","297490","16946","1","0","DEFAULT","1748221334097822281","true","1678565","","1727222400000","1678565","1748221334097822281"
"1678566","386475","201927","297491","16946","1","0","DEFAULT","1748221334094890894","true","1678566","","1727222400000","1678566","1748221334094890894"
"1678567","386475","201927","297492","16946","1","0","DEFAULT","1748221334095149657","true","1678567","","1727222400000","1678567","1748221334095149657"
"1678568","386475","201927","297493","16946","1","0","DEFAULT","1748221334095406907","true","1678568","","1727222400000","1678568","1748221334095406907"
"1678569","386475","201927","297494","16946","1","0","DEFAULT","1748221334094631772","true","1678569","","1727222400000","1678569","1748221334094631772"
"1678571","386475","201927","297496","16946","1","0","DEFAULT","1748221334095666524","true","1678571","","1727222400000","1678571","1748221334095666524"
"1678572","386475","201927","297497","16946","1","0","DEFAULT","1748221334097556737","true","1678572","","1727222400000","1678572","1748221334097556737"
"1678573","386475","201927","297498","16946","1","0","DEFAULT","1748221334096503068","true","1678573","","1727222400000","1678573","1748221334096503068"
"1678574","386475","201927","297499","16946","1","0","DEFAULT","1748221334097038347","true","1678574","","1727222400000","1678574","1748221334097038347"
"1678575","386475","201927","297500","16946","1","0","DEFAULT","1748221334097297574","true","1678575","","1727222400000","1678575","1748221334097297574"
"1678741","386486","204282","235382","16946","1","0","DEFAULT","1748221334099371831","true","1678741","","1727222400000","1678741","1748221334099371831"
"1678742","386486","204282","275181","16946","1","0","DEFAULT","1748221335088299419","true","1678742","","1727222400000","1678742","1748221335088299419"
"1678743","386486","204282","279501","16946","1","0","DEFAULT","1748221334098339970","true","1678743","","1727222400000","1678743","1748221334098339970"
"1678744","386486","201926","293237","16946","1","0","DEFAULT","1748221335087838889","true","1678744","","1727222400000","1678744","1748221335087838889"
"1678745","386486","221206","297488","16946","1","0","DEFAULT","1748221335088569556","true","1678745","","1727222400000","1678745","1748221335088569556"
"1678746","386486","204282","297489","16946","1","0","DEFAULT","1748221334098080445","true","1678746","","1727222400000","1678746","1748221334098080445"
"1678751","386486","201927","297490","16946","1","0","DEFAULT","1748221335089360911","true","1678751","","1727222400000","1678751","1748221335089360911"
"1678752","386486","201927","297491","16946","1","0","DEFAULT","1748221334099624830","true","1678752","","1727222400000","1678752","1748221334099624830"
"1678753","386486","201927","297492","16946","1","0","DEFAULT","1748221334098596916","true","1678753","","1727222400000","1678753","1748221334098596916"
"1678754","386486","201927","297493","16946","1","0","DEFAULT","1748221335089613709","true","1678754","","1727222400000","1678754","1748221335089613709"
"1678756","386486","201927","297494","16946","1","0","DEFAULT","1748221334098855323","true","1678756","","1727222400000","1678756","1748221334098855323"
"1678757","386486","201927","297496","16946","1","0","DEFAULT","1748221334099112695","true","1678757","","1727222400000","1678757","1748221334099112695"
"1678758","386486","201927","297497","16946","1","0","DEFAULT","1748221334099883728","true","1678758","","1727222400000","1678758","1748221334099883728"
"1678760","386486","201927","297498","16946","1","0","DEFAULT","1748221334100143127","true","1678760","","1727222400000","1678760","1748221334100143127"
"1678761","386486","201927","297499","16946","1","0","DEFAULT","1748221335088827738","true","1678761","","1727222400000","1678761","1748221335088827738"
"1678762","386486","201927","297500","16946","1","0","DEFAULT","1748221335089099415","true","1678762","","1727222400000","1678762","1748221335089099415"
"1678811","386489","204282","235382","16946","1","0","DEFAULT","1748221335090894682","true","1678811","","1727222400000","1678811","1748221335090894682"
"1678812","386489","204282","275181","16946","1","0","DEFAULT","1748221335090383721","true","1678812","","1727222400000","1678812","1748221335090383721"
"1678813","386489","204282","279501","16946","1","0","DEFAULT","1748221335089871250","true","1678813","","1727222400000","1678813","1748221335089871250"
"1678814","386489","201926","293237","16946","1","0","DEFAULT","1748221335090637045","true","1678814","","1727222400000","1678814","1748221335090637045"
"1678815","386489","221206","297488","16946","1","0","DEFAULT","1748221335091659284","true","1678815","","1727222400000","1678815","1748221335091659284"
"1678816","386489","204282","297489","16946","1","0","DEFAULT","1748221335091915380","true","1678816","","1727222400000","1678816","1748221335091915380"
"1678817","386489","201927","297490","16946","1","0","DEFAULT","1748221335093477316","true","1678817","","1727222400000","1678817","1748221335093477316"
"1678818","386489","201927","297491","16946","1","0","DEFAULT","1748221335091146707","true","1678818","","1727222400000","1678818","1748221335091146707"
"1678819","386489","201927","297492","16946","1","0","DEFAULT","1748221335092170759","true","1678819","","1727222400000","1678819","1748221335092170759"
"1678820","386489","201927","297493","16946","1","0","DEFAULT","1748221335093742739","true","1678820","","1727222400000","1678820","1748221335093742739"
"1678821","386489","201927","297494","16946","1","0","DEFAULT","1748221335090129317","true","1678821","","1727222400000","1678821","1748221335090129317"
"1678822","386489","201927","297496","16946","1","0","DEFAULT","1748221335091404005","true","1678822","","1727222400000","1678822","1748221335091404005"
"1678823","386489","201927","297497","16946","1","0","DEFAULT","1748221335093186729","true","1678823","","1727222400000","1678823","1748221335093186729"
"1678824","386489","201927","297498","16946","1","0","DEFAULT","1748221335092420858","true","1678824","","1727222400000","1678824","1748221335092420858"
"1678825","386489","201927","297499","16946","1","0","DEFAULT","1748221335092671684","true","1678825","","1727222400000","1678825","1748221335092671684"
"1678826","386489","201927","297500","16946","1","0","DEFAULT","1748221335092922594","true","1678826","","1727222400000","1678826","1748221335092922594"
"2021737","500197","204282","235382","16946","1","0","DEFAULT","1748221338085000604","true","2021737","","1736467200000","2021737","1748221338085000604"
"2021736","500197","201926","275181","16946","1","0","DEFAULT","1748221338084557684","true","2021736","","1736467200000","2021736","1748221338084557684"